[2025-09-27 22:04:45] pre-0: entering main()
[2025-09-27 22:04:45] stage-1: QApplication constructed
[2025-09-27 22:04:45] stage-2: setQuitOnLastWindowClosed(false)
[2025-09-27 22:04:45] stage-3: app meta set
[2025-09-27 22:04:45] stage-4: logger initialized (or attempted)
[2025-09-27 22:04:45] stage-5: stylesheet loaded (if any)
[2025-09-27 22:04:45] stage-6: LoginWindow constructed
[2025-09-27 22:04:45] stage-7: LoginWindow shown
[2025-09-27 22:04:45] stage-8: entering app.exec()
[2025-09-27 22:05:38] pre-0: entering main()
[2025-09-27 22:05:38] stage-1: QApplication constructed
[2025-09-27 22:05:38] stage-2: setQuitOnLastWindowClosed(false)
[2025-09-27 22:05:38] stage-3: app meta set
[2025-09-27 22:05:38] stage-4: logger initialized (or attempted)
[2025-09-27 22:05:38] stage-5: stylesheet loaded (if any)
[2025-09-27 22:05:38] stage-6: LoginWindow constructed
[2025-09-27 22:05:38] stage-7: LoginWindow shown
[2025-09-27 22:05:38] stage-8: entering app.exec()
[2025-09-27 22:10:41] pre-0: entering main()
[2025-09-27 22:10:41] stage-1: QApplication constructed
[2025-09-27 22:10:41] stage-2: setQuitOnLastWindowClosed(false)
[2025-09-27 22:10:41] stage-3: app meta set
[2025-09-27 22:10:41] stage-4: logger initialized (or attempted)
[2025-09-27 22:10:41] stage-5: stylesheet loaded (if any)
[2025-09-27 22:10:41] stage-6: LoginWindow constructed
[2025-09-27 22:10:41] stage-7: LoginWindow shown
[2025-09-27 22:10:41] stage-8: entering app.exec()
[2025-09-27 22:34:11] pre-0: entering main()
[2025-09-27 22:34:11] stage-1: QApplication constructed
[2025-09-27 22:34:11] stage-2: setQuitOnLastWindowClosed(false)
[2025-09-27 22:34:11] stage-3: app meta set
[2025-09-27 22:34:11] stage-4: logger initialized (or attempted)
[2025-09-27 22:34:11] stage-5: stylesheet loaded (if any)
[2025-09-27 22:34:11] stage-6: LoginWindow constructed
[2025-09-27 22:34:11] stage-7: LoginWindow shown
[2025-09-27 22:34:11] stage-8: entering app.exec()
[2025-09-27 22:46:59] pre-0: entering main()
[2025-09-27 22:46:59] stage-1: QApplication constructed
[2025-09-27 22:46:59] stage-2: setQuitOnLastWindowClosed(false)
[2025-09-27 22:46:59] stage-3: app meta set
[2025-09-27 22:46:59] stage-4: logger initialized (or attempted)
[2025-09-27 22:46:59] stage-5: stylesheet loaded (if any)
[2025-09-27 22:46:59] stage-6: LoginWindow constructed
[2025-09-27 22:46:59] stage-7: LoginWindow shown
[2025-09-27 22:46:59] stage-8: entering app.exec()
[2025-09-27 22:57:40] pre-0: entering main()
[2025-09-27 22:57:41] stage-1: QApplication constructed
[2025-09-27 22:57:41] stage-2: setQuitOnLastWindowClosed(false)
[2025-09-27 22:57:41] stage-3: app meta set
[2025-09-27 22:57:41] stage-4: logger initialized (or attempted)
[2025-09-27 22:57:41] stage-5: stylesheet loaded (if any)
[2025-09-27 22:57:41] stage-6: LoginWindow constructed
[2025-09-27 22:57:41] stage-7: LoginWindow shown
[2025-09-27 22:57:41] stage-8: entering app.exec()
[2025-09-27 23:11:37] pre-0: entering main()
[2025-09-27 23:11:37] stage-1: QApplication constructed
[2025-09-27 23:11:37] stage-2: setQuitOnLastWindowClosed(false)
[2025-09-27 23:11:37] stage-3: app meta set
[2025-09-27 23:11:37] stage-4: logger initialized (or attempted)
[2025-09-27 23:11:37] stage-5: stylesheet loaded (if any)
[2025-09-27 23:11:37] stage-6: LoginWindow constructed
[2025-09-27 23:11:37] stage-7: LoginWindow shown
[2025-09-27 23:11:37] stage-8: entering app.exec()
[2025-09-28 20:55:37] pre-0: entering main()
[2025-09-28 20:55:37] stage-1: QApplication constructed
[2025-09-28 20:55:37] stage-2: setQuitOnLastWindowClosed(false)
[2025-09-28 20:55:37] stage-3: app meta set
[2025-09-28 20:55:37] stage-4: logger initialized (or attempted)
[2025-09-28 20:55:37] stage-5: stylesheet loaded (if any)
[2025-09-28 20:55:37] stage-6: LoginWindow constructed
[2025-09-28 20:55:37] stage-7: LoginWindow shown
[2025-09-28 20:55:37] stage-8: entering app.exec()
[2025-09-28 21:27:39] pre-0: entering main()
[2025-09-28 21:27:39] stage-1: QApplication constructed
[2025-09-28 21:27:39] stage-2: setQuitOnLastWindowClosed(false)
[2025-09-28 21:27:39] stage-3: app meta set
[2025-09-28 21:27:39] stage-4: logger initialized (or attempted)
[2025-09-28 21:27:39] stage-5: stylesheet loaded (if any)
[2025-09-28 21:27:39] stage-6: LoginWindow constructed
[2025-09-28 21:27:39] stage-7: LoginWindow shown
[2025-09-28 21:27:39] stage-8: entering app.exec()
[2025-09-28 21:28:17] pre-0: entering main()
[2025-09-28 21:28:18] stage-1: QApplication constructed
[2025-09-28 21:28:18] stage-2: setQuitOnLastWindowClosed(false)
[2025-09-28 21:28:18] stage-3: app meta set
[2025-09-28 21:28:18] stage-4: logger initialized (or attempted)
[2025-09-28 21:28:18] stage-5: stylesheet loaded (if any)
[2025-09-28 21:28:18] stage-6: LoginWindow constructed
[2025-09-28 21:28:18] stage-7: LoginWindow shown
[2025-09-28 21:28:18] stage-8: entering app.exec()
[2025-09-28 21:41:32] pre-0: entering main()
[2025-09-28 21:41:32] stage-1: QApplication constructed
[2025-09-28 21:41:32] stage-2: setQuitOnLastWindowClosed(false)
[2025-09-28 21:41:32] stage-3: app meta set
[2025-09-28 21:41:32] stage-4: logger initialized (or attempted)
[2025-09-28 21:41:32] stage-5: stylesheet loaded (if any)
[2025-09-28 21:41:32] stage-6: LoginWindow constructed
[2025-09-28 21:41:32] stage-7: LoginWindow shown
[2025-09-28 21:41:32] stage-8: entering app.exec()
[2025-09-28 22:10:10] pre-0: entering main()
[2025-09-28 22:10:10] stage-1: QApplication constructed
[2025-09-28 22:10:10] stage-2: setQuitOnLastWindowClosed(false)
[2025-09-28 22:10:10] stage-3: app meta set
[2025-09-28 22:10:10] stage-4: logger initialized (or attempted)
[2025-09-28 22:10:10] stage-5: stylesheet loaded (if any)
[2025-09-28 22:10:11] stage-6: LoginWindow constructed
[2025-09-28 22:10:11] stage-7: LoginWindow shown
[2025-09-28 22:10:11] stage-8: entering app.exec()
[2025-09-28 22:18:02] pre-0: entering main()
[2025-09-28 22:18:02] stage-1: QApplication constructed
[2025-09-28 22:18:02] stage-2: setQuitOnLastWindowClosed(false)
[2025-09-28 22:18:02] stage-3: app meta set
[2025-09-28 22:18:02] stage-4: logger initialized (or attempted)
[2025-09-28 22:18:02] stage-5: stylesheet loaded (if any)
[2025-09-28 22:18:02] stage-6: LoginWindow constructed
[2025-09-28 22:18:02] stage-7: LoginWindow shown
[2025-09-28 22:18:02] stage-8: entering app.exec()
[2025-09-28 22:21:31] pre-0: entering main()
[2025-09-28 22:21:31] stage-1: QApplication constructed
[2025-09-28 22:21:31] stage-2: setQuitOnLastWindowClosed(false)
[2025-09-28 22:21:31] stage-3: app meta set
[2025-09-28 22:21:31] stage-4: logger initialized (or attempted)
[2025-09-28 22:21:31] stage-5: stylesheet loaded (if any)
[2025-09-28 22:21:31] stage-6: LoginWindow constructed
[2025-09-28 22:21:32] stage-7: LoginWindow shown
[2025-09-28 22:21:32] stage-8: entering app.exec()
[2025-09-28 22:27:34] pre-0: entering main()
[2025-09-28 22:27:34] stage-1: QApplication constructed
[2025-09-28 22:27:34] stage-2: setQuitOnLastWindowClosed(false)
[2025-09-28 22:27:34] stage-3: app meta set
[2025-09-28 22:27:34] stage-4: logger initialized (or attempted)
[2025-09-28 22:27:34] stage-5: stylesheet loaded (if any)
[2025-09-28 22:27:34] stage-6: LoginWindow constructed
[2025-09-28 22:27:34] stage-7: LoginWindow shown
[2025-09-28 22:27:34] stage-8: entering app.exec()
[2025-09-28 22:42:04] pre-0: entering main()
[2025-09-28 22:42:04] stage-1: QApplication constructed
[2025-09-28 22:42:04] stage-2: setQuitOnLastWindowClosed(false)
[2025-09-28 22:42:04] stage-3: app meta set
[2025-09-28 22:42:04] stage-4: logger initialized (or attempted)
[2025-09-28 22:42:04] stage-5: stylesheet loaded (if any)
[2025-09-28 22:42:04] stage-6: LoginWindow constructed
[2025-09-28 22:42:04] stage-7: LoginWindow shown
[2025-09-28 22:42:04] stage-8: entering app.exec()
[2025-09-28 22:43:04] pre-0: entering main()
[2025-09-28 22:43:04] stage-1: QApplication constructed
[2025-09-28 22:43:04] stage-2: setQuitOnLastWindowClosed(false)
[2025-09-28 22:43:04] stage-3: app meta set
[2025-09-28 22:43:04] stage-4: logger initialized (or attempted)
[2025-09-28 22:43:04] stage-5: stylesheet loaded (if any)
[2025-09-28 22:43:04] stage-6: LoginWindow constructed
[2025-09-28 22:43:04] stage-7: LoginWindow shown
[2025-09-28 22:43:04] stage-8: entering app.exec()
[2025-09-29 17:47:25] pre-0: entering main()
[2025-09-29 17:47:25] stage-1: QApplication constructed
[2025-09-29 17:47:25] stage-2: setQuitOnLastWindowClosed(false)
[2025-09-29 17:47:25] stage-3: app meta set
[2025-09-29 17:47:25] stage-4: logger initialized (or attempted)
[2025-09-29 17:47:25] stage-5: stylesheet loaded (if any)
[2025-09-29 17:47:25] stage-6: LoginWindow constructed
[2025-09-29 17:47:26] stage-7: LoginWindow shown
[2025-09-29 17:47:26] stage-8: entering app.exec()
[2025-09-29 17:48:00] pre-0: entering main()
[2025-09-29 17:48:00] stage-1: QApplication constructed
[2025-09-29 17:48:00] stage-2: setQuitOnLastWindowClosed(false)
[2025-09-29 17:48:00] stage-3: app meta set
[2025-09-29 17:48:00] stage-4: logger initialized (or attempted)
[2025-09-29 17:48:00] stage-5: stylesheet loaded (if any)
[2025-09-29 17:48:00] stage-6: LoginWindow constructed
[2025-09-29 17:48:00] stage-7: LoginWindow shown
[2025-09-29 17:48:00] stage-8: entering app.exec()
[2025-09-29 17:49:38] pre-0: entering main()
[2025-09-29 17:49:38] stage-1: QApplication constructed
[2025-09-29 17:49:38] stage-2: setQuitOnLastWindowClosed(false)
[2025-09-29 17:49:38] stage-3: app meta set
[2025-09-29 17:49:38] stage-4: logger initialized (or attempted)
[2025-09-29 17:49:38] stage-5: stylesheet loaded (if any)
[2025-09-29 17:49:38] stage-6: LoginWindow constructed
[2025-09-29 17:49:38] stage-7: LoginWindow shown
[2025-09-29 17:49:38] stage-8: entering app.exec()
[2025-09-29 17:55:03] pre-0: entering main()
[2025-09-29 17:55:03] stage-1: QApplication constructed
[2025-09-29 17:55:03] stage-2: setQuitOnLastWindowClosed(false)
[2025-09-29 17:55:03] stage-3: app meta set
[2025-09-29 17:55:03] stage-4: logger initialized (or attempted)
[2025-09-29 17:55:03] stage-5: stylesheet loaded (if any)
[2025-09-29 17:55:03] stage-6: LoginWindow constructed
[2025-09-29 17:55:03] stage-7: LoginWindow shown
[2025-09-29 17:55:03] stage-8: entering app.exec()
[2025-09-29 17:55:46] pre-0: entering main()
[2025-09-29 17:55:46] stage-1: QApplication constructed
[2025-09-29 17:55:46] stage-2: setQuitOnLastWindowClosed(false)
[2025-09-29 17:55:46] stage-3: app meta set
[2025-09-29 17:55:46] stage-4: logger initialized (or attempted)
[2025-09-29 17:55:46] stage-5: stylesheet loaded (if any)
[2025-09-29 17:55:46] stage-6: LoginWindow constructed
[2025-09-29 17:55:46] stage-7: LoginWindow shown
[2025-09-29 17:55:46] stage-8: entering app.exec()
[2025-09-29 17:59:59] pre-0: entering main()
[2025-09-29 17:59:59] stage-1: QApplication constructed
[2025-09-29 17:59:59] stage-2: setQuitOnLastWindowClosed(false)
[2025-09-29 17:59:59] stage-3: app meta set
[2025-09-29 17:59:59] stage-4: logger initialized (or attempted)
[2025-09-29 17:59:59] stage-5: stylesheet loaded (if any)
[2025-09-29 17:59:59] stage-6: LoginWindow constructed
[2025-09-29 17:59:59] stage-7: LoginWindow shown
[2025-09-29 17:59:59] stage-8: entering app.exec()
[2025-09-29 18:00:40] pre-0: entering main()
[2025-09-29 18:00:40] stage-1: QApplication constructed
[2025-09-29 18:00:40] stage-2: setQuitOnLastWindowClosed(false)
[2025-09-29 18:00:40] stage-3: app meta set
[2025-09-29 18:00:40] stage-4: logger initialized (or attempted)
[2025-09-29 18:00:40] stage-5: stylesheet loaded (if any)
[2025-09-29 18:00:40] stage-6: LoginWindow constructed
[2025-09-29 18:00:40] stage-7: LoginWindow shown
[2025-09-29 18:00:40] stage-8: entering app.exec()
[2025-09-29 18:06:17] pre-0: entering main()
[2025-09-29 18:06:17] stage-1: QApplication constructed
[2025-09-29 18:06:17] stage-2: setQuitOnLastWindowClosed(false)
[2025-09-29 18:06:17] stage-3: app meta set
[2025-09-29 18:06:17] stage-4: logger initialized (or attempted)
[2025-09-29 18:06:17] stage-5: stylesheet loaded (if any)
[2025-09-29 18:06:17] stage-6: LoginWindow constructed
[2025-09-29 18:06:17] stage-7: LoginWindow shown
[2025-09-29 18:06:17] stage-8: entering app.exec()
[2025-09-29 18:33:51] pre-0: entering main()
[2025-09-29 18:33:51] stage-1: QApplication constructed
[2025-09-29 18:33:51] stage-2: setQuitOnLastWindowClosed(false)
[2025-09-29 18:33:51] stage-3: app meta set
[2025-09-29 18:33:51] stage-4: logger initialized (or attempted)
[2025-09-29 18:33:51] stage-5: stylesheet loaded (if any)
[2025-09-29 18:33:51] stage-6: LoginWindow constructed
[2025-09-29 18:33:51] stage-7: LoginWindow shown
[2025-09-29 18:33:51] stage-8: entering app.exec()
[2025-09-29 18:34:30] pre-0: entering main()
[2025-09-29 18:34:30] stage-1: QApplication constructed
[2025-09-29 18:34:30] stage-2: setQuitOnLastWindowClosed(false)
[2025-09-29 18:34:30] stage-3: app meta set
[2025-09-29 18:34:30] stage-4: logger initialized (or attempted)
[2025-09-29 18:34:30] stage-5: stylesheet loaded (if any)
[2025-09-29 18:34:30] stage-6: LoginWindow constructed
[2025-09-29 18:34:30] stage-7: LoginWindow shown
[2025-09-29 18:34:30] stage-8: entering app.exec()
[2025-09-29 18:56:22] pre-0: entering main()
[2025-09-29 18:56:22] stage-1: QApplication constructed
[2025-09-29 18:56:22] stage-2: setQuitOnLastWindowClosed(false)
[2025-09-29 18:56:22] stage-3: app meta set
[2025-09-29 18:56:22] stage-4: logger initialized (or attempted)
[2025-09-29 18:56:22] stage-5: stylesheet loaded (if any)
[2025-09-29 18:56:22] stage-6: LoginWindow constructed
[2025-09-29 18:56:22] stage-7: LoginWindow shown
[2025-09-29 18:56:22] stage-8: entering app.exec()
[2025-09-29 23:26:37] pre-0: entering main()
[2025-09-29 23:26:37] stage-1: QApplication constructed
[2025-09-29 23:26:37] stage-2: setQuitOnLastWindowClosed(false)
[2025-09-29 23:26:37] stage-3: app meta set
[2025-09-29 23:26:37] stage-4: logger initialized (or attempted)
[2025-09-29 23:26:37] stage-5: stylesheet loaded (if any)
[2025-09-29 23:26:37] stage-6: LoginWindow constructed
[2025-09-29 23:26:37] stage-7: LoginWindow shown
[2025-09-29 23:26:37] stage-8: entering app.exec()
[2025-09-30 20:44:05] pre-0: entering main()
[2025-09-30 20:44:05] stage-1: QApplication constructed
[2025-09-30 20:44:05] stage-2: setQuitOnLastWindowClosed(false)
[2025-09-30 20:44:05] stage-3: app meta set
[2025-09-30 20:44:05] stage-4: logger initialized (or attempted)
[2025-09-30 20:44:05] stage-5: stylesheet loaded (if any)
[2025-09-30 20:44:05] stage-6: LoginWindow constructed
[2025-09-30 20:44:05] stage-7: LoginWindow shown
[2025-09-30 20:44:05] stage-8: entering app.exec()
[2025-09-30 20:53:07] pre-0: entering main()
[2025-09-30 20:53:07] stage-1: QApplication constructed
[2025-09-30 20:53:07] stage-2: setQuitOnLastWindowClosed(false)
[2025-09-30 20:53:07] stage-3: app meta set
[2025-09-30 20:53:07] stage-4: logger initialized (or attempted)
[2025-09-30 20:53:07] stage-5: stylesheet loaded (if any)
[2025-09-30 20:53:07] stage-6: LoginWindow constructed
[2025-09-30 20:53:07] stage-7: LoginWindow shown
[2025-09-30 20:53:07] stage-8: entering app.exec()
[2025-09-30 20:59:04] pre-0: entering main()
[2025-09-30 20:59:04] stage-1: QApplication constructed
[2025-09-30 20:59:04] stage-2: setQuitOnLastWindowClosed(false)
[2025-09-30 20:59:04] stage-3: app meta set
[2025-09-30 20:59:04] stage-4: logger initialized (or attempted)
[2025-09-30 20:59:04] stage-5: stylesheet loaded (if any)
[2025-09-30 20:59:04] stage-6: LoginWindow constructed
[2025-09-30 20:59:04] stage-7: LoginWindow shown
[2025-09-30 20:59:04] stage-8: entering app.exec()
[2025-10-01 10:39:41] pre-0: entering main()
[2025-10-01 10:39:41] stage-1: QApplication constructed
[2025-10-01 10:39:41] stage-2: setQuitOnLastWindowClosed(false)
[2025-10-01 10:39:41] stage-3: app meta set
[2025-10-01 10:39:41] stage-4: logger initialized (or attempted)
[2025-10-01 10:39:41] stage-5: stylesheet loaded (if any)
[2025-10-01 10:39:41] stage-6: LoginWindow constructed
[2025-10-01 10:39:41] stage-7: LoginWindow shown
[2025-10-01 10:39:41] stage-8: entering app.exec()
[2025-10-01 11:07:42] pre-0: entering main()
[2025-10-01 11:07:42] stage-1: QApplication constructed
[2025-10-01 11:07:42] stage-2: setQuitOnLastWindowClosed(false)
[2025-10-01 11:07:42] stage-3: app meta set
[2025-10-01 11:07:42] stage-4: logger initialized (or attempted)
[2025-10-01 11:07:42] stage-5: stylesheet loaded (if any)
[2025-10-01 11:07:42] stage-6: LoginWindow constructed
[2025-10-01 11:07:42] stage-7: LoginWindow shown
[2025-10-01 11:07:42] stage-8: entering app.exec()
[2025-10-01 11:11:17] pre-0: entering main()
[2025-10-01 11:11:18] stage-1: QApplication constructed
[2025-10-01 11:11:18] stage-2: setQuitOnLastWindowClosed(false)
[2025-10-01 11:11:18] stage-3: app meta set
[2025-10-01 11:11:18] stage-4: logger initialized (or attempted)
[2025-10-01 11:11:18] stage-5: stylesheet loaded (if any)
[2025-10-01 11:11:18] stage-6: LoginWindow constructed
[2025-10-01 11:11:18] stage-7: LoginWindow shown
[2025-10-01 11:11:18] stage-8: entering app.exec()
[2025-10-01 11:18:30] pre-0: entering main()
[2025-10-01 11:18:30] stage-1: QApplication constructed
[2025-10-01 11:18:30] stage-2: setQuitOnLastWindowClosed(false)
[2025-10-01 11:18:30] stage-3: app meta set
[2025-10-01 11:18:30] stage-4: logger initialized (or attempted)
[2025-10-01 11:18:30] stage-5: stylesheet loaded (if any)
[2025-10-01 11:18:30] stage-6: LoginWindow constructed
[2025-10-01 11:18:30] stage-7: LoginWindow shown
[2025-10-01 11:18:30] stage-8: entering app.exec()
[2025-10-01 11:25:13] pre-0: entering main()
[2025-10-01 11:25:13] stage-1: QApplication constructed
[2025-10-01 11:25:13] stage-2: setQuitOnLastWindowClosed(false)
[2025-10-01 11:25:13] stage-3: app meta set
[2025-10-01 11:25:13] stage-4: logger initialized (or attempted)
[2025-10-01 11:25:13] stage-5: stylesheet loaded (if any)
[2025-10-01 11:25:13] stage-6: LoginWindow constructed
[2025-10-01 11:25:13] stage-7: LoginWindow shown
[2025-10-01 11:25:13] stage-8: entering app.exec()
[2025-10-01 11:38:30] pre-0: entering main()
[2025-10-01 11:38:30] stage-1: QApplication constructed
[2025-10-01 11:38:30] stage-2: setQuitOnLastWindowClosed(false)
[2025-10-01 11:38:30] stage-3: app meta set
[2025-10-01 11:38:30] stage-4: logger initialized (or attempted)
[2025-10-01 11:38:30] stage-5: stylesheet loaded (if any)
[2025-10-01 11:38:30] stage-6: LoginWindow constructed
[2025-10-01 11:38:31] stage-7: LoginWindow shown
[2025-10-01 11:38:31] stage-8: entering app.exec()
[2025-10-01 13:51:22] pre-0: entering main()
[2025-10-01 13:51:22] stage-1: QApplication constructed
[2025-10-01 13:51:22] stage-2: setQuitOnLastWindowClosed(false)
[2025-10-01 13:51:22] stage-3: app meta set
[2025-10-01 13:51:22] stage-4: logger initialized (or attempted)
[2025-10-01 13:51:22] stage-5: stylesheet loaded (if any)
[2025-10-01 13:51:22] stage-6: LoginWindow constructed
[2025-10-01 13:51:22] stage-7: LoginWindow shown
[2025-10-01 13:51:22] stage-8: entering app.exec()
[2025-10-01 14:03:39] pre-0: entering main()
[2025-10-01 14:03:39] stage-1: QApplication constructed
[2025-10-01 14:03:39] stage-2: setQuitOnLastWindowClosed(false)
[2025-10-01 14:03:39] stage-3: app meta set
[2025-10-01 14:03:39] stage-4: logger initialized (or attempted)
[2025-10-01 14:03:39] stage-5: stylesheet loaded (if any)
[2025-10-01 14:03:39] stage-6: LoginWindow constructed
[2025-10-01 14:03:39] stage-7: LoginWindow shown
[2025-10-01 14:03:39] stage-8: entering app.exec()
[2025-10-01 14:07:48] pre-0: entering main()
[2025-10-01 14:07:48] stage-1: QApplication constructed
[2025-10-01 14:07:48] stage-2: setQuitOnLastWindowClosed(false)
[2025-10-01 14:07:48] stage-3: app meta set
[2025-10-01 14:07:48] stage-4: logger initialized (or attempted)
[2025-10-01 14:07:48] stage-5: stylesheet loaded (if any)
[2025-10-01 14:07:48] stage-6: LoginWindow constructed
[2025-10-01 14:07:48] stage-7: LoginWindow shown
[2025-10-01 14:07:48] stage-8: entering app.exec()
[2025-10-01 14:19:55] pre-0: entering main()
[2025-10-01 14:19:55] stage-1: QApplication constructed
[2025-10-01 14:19:55] stage-2: setQuitOnLastWindowClosed(false)
[2025-10-01 14:19:55] stage-3: app meta set
[2025-10-01 14:19:55] stage-4: logger initialized (or attempted)
[2025-10-01 14:19:55] stage-5: stylesheet loaded (if any)
[2025-10-01 14:19:55] stage-6: LoginWindow constructed
[2025-10-01 14:19:55] stage-7: LoginWindow shown
[2025-10-01 14:19:55] stage-8: entering app.exec()
[2025-10-01 14:48:17] pre-0: entering main()
[2025-10-01 14:48:17] stage-1: QApplication constructed
[2025-10-01 14:48:17] stage-2: setQuitOnLastWindowClosed(false)
[2025-10-01 14:48:17] stage-3: app meta set
[2025-10-01 14:48:17] stage-4: logger initialized (or attempted)
[2025-10-01 14:48:17] stage-5: stylesheet loaded (if any)
[2025-10-01 14:48:17] stage-6: LoginWindow constructed
[2025-10-01 14:48:17] stage-7: LoginWindow shown
[2025-10-01 14:48:17] stage-8: entering app.exec()
[2025-10-01 14:49:57] pre-0: entering main()
[2025-10-01 14:49:57] stage-1: QApplication constructed
[2025-10-01 14:49:57] stage-2: setQuitOnLastWindowClosed(false)
[2025-10-01 14:49:57] stage-3: app meta set
[2025-10-01 14:49:57] stage-4: logger initialized (or attempted)
[2025-10-01 14:49:57] stage-5: stylesheet loaded (if any)
[2025-10-01 14:49:57] stage-6: LoginWindow constructed
[2025-10-01 14:49:57] stage-7: LoginWindow shown
[2025-10-01 14:49:57] stage-8: entering app.exec()
[2025-10-01 14:54:11] pre-0: entering main()
[2025-10-01 14:54:11] stage-1: QApplication constructed
[2025-10-01 14:54:11] stage-2: setQuitOnLastWindowClosed(false)
[2025-10-01 14:54:11] stage-3: app meta set
[2025-10-01 14:54:11] stage-4: logger initialized (or attempted)
[2025-10-01 14:54:11] stage-5: stylesheet loaded (if any)
[2025-10-01 14:54:11] stage-6: LoginWindow constructed
[2025-10-01 14:54:11] stage-7: LoginWindow shown
[2025-10-01 14:54:11] stage-8: entering app.exec()
[2025-10-01 15:06:31] pre-0: entering main()
[2025-10-01 15:06:31] stage-1: QApplication constructed
[2025-10-01 15:06:31] stage-2: setQuitOnLastWindowClosed(false)
[2025-10-01 15:06:31] stage-3: app meta set
[2025-10-01 15:06:31] stage-4: logger initialized (or attempted)
[2025-10-01 15:06:31] stage-5: stylesheet loaded (if any)
[2025-10-01 15:06:31] stage-6: LoginWindow constructed
[2025-10-01 15:06:31] stage-7: LoginWindow shown
[2025-10-01 15:06:31] stage-8: entering app.exec()
[2025-10-09 13:53:31] pre-0: entering main()
[2025-10-09 13:53:31] stage-1: QApplication constructed
[2025-10-09 13:53:31] stage-2: setQuitOnLastWindowClosed(false)
[2025-10-09 13:53:31] stage-3: app meta set
[2025-10-09 13:53:31] stage-4: logger initialized (or attempted)
[2025-10-09 13:53:31] stage-5: stylesheet loaded (if any)
[2025-10-09 13:53:31] stage-6: LoginWindow constructed
[2025-10-09 13:53:31] stage-7: LoginWindow shown
[2025-10-09 13:53:31] stage-8: entering app.exec()
[2025-10-09 13:56:31] pre-0: entering main()
[2025-10-09 13:56:31] stage-1: QApplication constructed
[2025-10-09 13:56:31] stage-2: setQuitOnLastWindowClosed(false)
[2025-10-09 13:56:31] stage-3: app meta set
[2025-10-09 13:56:31] stage-4: logger initialized (or attempted)
[2025-10-09 13:56:31] stage-5: stylesheet loaded (if any)
[2025-10-09 13:56:31] stage-6: LoginWindow constructed
[2025-10-09 13:56:31] stage-7: LoginWindow shown
[2025-10-09 13:56:31] stage-8: entering app.exec()
[2025-10-09 14:05:14] pre-0: entering main()
[2025-10-09 14:05:14] stage-1: QApplication constructed
[2025-10-09 14:05:14] stage-2: setQuitOnLastWindowClosed(false)
[2025-10-09 14:05:14] stage-3: app meta set
[2025-10-09 14:05:14] stage-4: logger initialized (or attempted)
[2025-10-09 14:05:14] stage-5: stylesheet loaded (if any)
[2025-10-09 14:05:14] stage-6: LoginWindow constructed
[2025-10-09 14:05:14] stage-7: LoginWindow shown
[2025-10-09 14:05:14] stage-8: entering app.exec()
[2025-10-09 14:11:30] pre-0: entering main()
[2025-10-09 14:11:30] stage-1: QApplication constructed
[2025-10-09 14:11:30] stage-2: setQuitOnLastWindowClosed(false)
[2025-10-09 14:11:30] stage-3: app meta set
[2025-10-09 14:11:30] stage-4: logger initialized (or attempted)
[2025-10-09 14:11:30] stage-5: stylesheet loaded (if any)
[2025-10-09 14:11:30] stage-6: LoginWindow constructed
[2025-10-09 14:11:30] stage-7: LoginWindow shown
[2025-10-09 14:11:30] stage-8: entering app.exec()
[2025-10-09 14:20:19] pre-0: entering main()
[2025-10-09 14:20:19] stage-1: QApplication constructed
[2025-10-09 14:20:19] stage-2: setQuitOnLastWindowClosed(false)
[2025-10-09 14:20:19] stage-3: app meta set
[2025-10-09 14:20:19] stage-4: logger initialized (or attempted)
[2025-10-09 14:20:19] stage-5: stylesheet loaded (if any)
[2025-10-09 14:20:19] stage-6: LoginWindow constructed
[2025-10-09 14:20:19] stage-7: LoginWindow shown
[2025-10-09 14:20:19] stage-8: entering app.exec()
[2025-10-09 14:28:22] pre-0: entering main()
[2025-10-09 14:28:22] stage-1: QApplication constructed
[2025-10-09 14:28:22] stage-2: setQuitOnLastWindowClosed(false)
[2025-10-09 14:28:22] stage-3: app meta set
[2025-10-09 14:28:22] stage-4: logger initialized (or attempted)
[2025-10-09 14:28:22] stage-5: stylesheet loaded (if any)
[2025-10-09 14:28:22] stage-6: LoginWindow constructed
[2025-10-09 14:28:22] stage-7: LoginWindow shown
[2025-10-09 14:28:22] stage-8: entering app.exec()
[2025-10-09 14:34:13] pre-0: entering main()
[2025-10-09 14:34:13] stage-1: QApplication constructed
[2025-10-09 14:34:13] stage-2: setQuitOnLastWindowClosed(false)
[2025-10-09 14:34:13] stage-3: app meta set
[2025-10-09 14:34:13] stage-4: logger initialized (or attempted)
[2025-10-09 14:34:13] stage-5: stylesheet loaded (if any)
[2025-10-09 14:34:13] stage-6: LoginWindow constructed
[2025-10-09 14:34:13] stage-7: LoginWindow shown
[2025-10-09 14:34:13] stage-8: entering app.exec()
[2025-10-09 14:38:17] pre-0: entering main()
[2025-10-09 14:38:17] stage-1: QApplication constructed
[2025-10-09 14:38:17] stage-2: setQuitOnLastWindowClosed(false)
[2025-10-09 14:38:17] stage-3: app meta set
[2025-10-09 14:38:17] stage-4: logger initialized (or attempted)
[2025-10-09 14:38:17] stage-5: stylesheet loaded (if any)
[2025-10-09 14:38:17] stage-6: LoginWindow constructed
[2025-10-09 14:38:17] stage-7: LoginWindow shown
[2025-10-09 14:38:17] stage-8: entering app.exec()
[2025-10-09 14:41:51] pre-0: entering main()
[2025-10-09 14:41:51] stage-1: QApplication constructed
[2025-10-09 14:41:51] stage-2: setQuitOnLastWindowClosed(false)
[2025-10-09 14:41:51] stage-3: app meta set
[2025-10-09 14:41:51] stage-4: logger initialized (or attempted)
[2025-10-09 14:41:51] stage-5: stylesheet loaded (if any)
[2025-10-09 14:41:51] stage-6: LoginWindow constructed
[2025-10-09 14:41:51] stage-7: LoginWindow shown
[2025-10-09 14:41:51] stage-8: entering app.exec()
[2025-10-09 14:44:23] pre-0: entering main()
[2025-10-09 14:44:24] stage-1: QApplication constructed
[2025-10-09 14:44:24] stage-2: setQuitOnLastWindowClosed(false)
[2025-10-09 14:44:24] stage-3: app meta set
[2025-10-09 14:44:24] stage-4: logger initialized (or attempted)
[2025-10-09 14:44:24] stage-5: stylesheet loaded (if any)
[2025-10-09 14:44:24] stage-6: LoginWindow constructed
[2025-10-09 14:44:24] stage-7: LoginWindow shown
[2025-10-09 14:44:24] stage-8: entering app.exec()
[2025-10-09 14:46:51] pre-0: entering main()
[2025-10-09 14:46:51] stage-1: QApplication constructed
[2025-10-09 14:46:51] stage-2: setQuitOnLastWindowClosed(false)
[2025-10-09 14:46:51] stage-3: app meta set
[2025-10-09 14:46:51] stage-4: logger initialized (or attempted)
[2025-10-09 14:46:51] stage-5: stylesheet loaded (if any)
[2025-10-09 14:46:51] stage-6: LoginWindow constructed
[2025-10-09 14:46:51] stage-7: LoginWindow shown
[2025-10-09 14:46:51] stage-8: entering app.exec()
[2025-10-09 14:50:14] pre-0: entering main()
[2025-10-09 14:50:14] stage-1: QApplication constructed
[2025-10-09 14:50:14] stage-2: setQuitOnLastWindowClosed(false)
[2025-10-09 14:50:14] stage-3: app meta set
[2025-10-09 14:50:14] stage-4: logger initialized (or attempted)
[2025-10-09 14:50:14] stage-5: stylesheet loaded (if any)
[2025-10-09 14:50:14] stage-6: LoginWindow constructed
[2025-10-09 14:50:14] stage-7: LoginWindow shown
[2025-10-09 14:50:14] stage-8: entering app.exec()
[2025-10-09 15:01:37] pre-0: entering main()
[2025-10-09 15:01:37] stage-1: QApplication constructed
[2025-10-09 15:01:37] stage-2: setQuitOnLastWindowClosed(false)
[2025-10-09 15:01:37] stage-3: app meta set
[2025-10-09 15:01:37] stage-4: logger initialized (or attempted)
[2025-10-09 15:01:37] stage-5: stylesheet loaded (if any)
[2025-10-09 15:01:37] stage-6: LoginWindow constructed
[2025-10-09 15:01:37] stage-7: LoginWindow shown
[2025-10-09 15:01:37] stage-8: entering app.exec()
[2025-10-09 15:05:02] pre-0: entering main()
[2025-10-09 15:05:02] stage-1: QApplication constructed
[2025-10-09 15:05:02] stage-2: setQuitOnLastWindowClosed(false)
[2025-10-09 15:05:02] stage-3: app meta set
[2025-10-09 15:05:02] stage-4: logger initialized (or attempted)
[2025-10-09 15:05:02] stage-5: stylesheet loaded (if any)
[2025-10-09 15:05:02] stage-6: LoginWindow constructed
[2025-10-09 15:05:02] stage-7: LoginWindow shown
[2025-10-09 15:05:02] stage-8: entering app.exec()
[2025-10-09 15:15:55] pre-0: entering main()
[2025-10-09 15:15:55] stage-1: QApplication constructed
[2025-10-09 15:15:55] stage-2: setQuitOnLastWindowClosed(false)
[2025-10-09 15:15:55] stage-3: app meta set
[2025-10-09 15:15:55] stage-4: logger initialized (or attempted)
[2025-10-09 15:15:55] stage-5: stylesheet loaded (if any)
[2025-10-09 15:15:55] stage-6: LoginWindow constructed
[2025-10-09 15:15:55] stage-7: LoginWindow shown
[2025-10-09 15:15:55] stage-8: entering app.exec()
[2025-10-09 15:27:35] pre-0: entering main()
[2025-10-09 15:27:35] stage-1: QApplication constructed
[2025-10-09 15:27:35] stage-2: setQuitOnLastWindowClosed(false)
[2025-10-09 15:27:35] stage-3: app meta set
[2025-10-09 15:27:35] stage-4: logger initialized (or attempted)
[2025-10-09 15:27:35] stage-5: stylesheet loaded (if any)
[2025-10-09 15:27:35] stage-6: LoginWindow constructed
[2025-10-09 15:27:35] stage-7: LoginWindow shown
[2025-10-09 15:27:35] stage-8: entering app.exec()
[2025-10-09 15:29:55] pre-0: entering main()
[2025-10-09 15:29:55] stage-1: QApplication constructed
[2025-10-09 15:29:55] stage-2: setQuitOnLastWindowClosed(false)
[2025-10-09 15:29:55] stage-3: app meta set
[2025-10-09 15:29:55] stage-4: logger initialized (or attempted)
[2025-10-09 15:29:55] stage-5: stylesheet loaded (if any)
[2025-10-09 15:29:55] stage-6: LoginWindow constructed
[2025-10-09 15:29:56] stage-7: LoginWindow shown
[2025-10-09 15:29:56] stage-8: entering app.exec()
[2025-10-09 15:34:42] pre-0: entering main()
[2025-10-09 15:34:42] stage-1: QApplication constructed
[2025-10-09 15:34:42] stage-2: setQuitOnLastWindowClosed(false)
[2025-10-09 15:34:42] stage-3: app meta set
[2025-10-09 15:34:42] stage-4: logger initialized (or attempted)
[2025-10-09 15:34:42] stage-5: stylesheet loaded (if any)
[2025-10-09 15:34:42] stage-6: LoginWindow constructed
[2025-10-09 15:34:42] stage-7: LoginWindow shown
[2025-10-09 15:34:42] stage-8: entering app.exec()
[2025-10-09 15:38:12] pre-0: entering main()
[2025-10-09 15:38:12] stage-1: QApplication constructed
[2025-10-09 15:38:12] stage-2: setQuitOnLastWindowClosed(false)
[2025-10-09 15:38:12] stage-3: app meta set
[2025-10-09 15:38:12] stage-4: logger initialized (or attempted)
[2025-10-09 15:38:12] stage-5: stylesheet loaded (if any)
[2025-10-09 15:38:12] stage-6: LoginWindow constructed
[2025-10-09 15:38:12] stage-7: LoginWindow shown
[2025-10-09 15:38:12] stage-8: entering app.exec()
[2025-10-09 15:42:17] pre-0: entering main()
[2025-10-09 15:42:17] stage-1: QApplication constructed
[2025-10-09 15:42:17] stage-2: setQuitOnLastWindowClosed(false)
[2025-10-09 15:42:17] stage-3: app meta set
[2025-10-09 15:42:17] stage-4: logger initialized (or attempted)
[2025-10-09 15:42:17] stage-5: stylesheet loaded (if any)
[2025-10-09 15:42:17] stage-6: LoginWindow constructed
[2025-10-09 15:42:17] stage-7: LoginWindow shown
[2025-10-09 15:42:17] stage-8: entering app.exec()
[2025-10-09 15:48:44] pre-0: entering main()
[2025-10-09 15:48:45] stage-1: QApplication constructed
[2025-10-09 15:48:45] stage-2: setQuitOnLastWindowClosed(false)
[2025-10-09 15:48:45] stage-3: app meta set
[2025-10-09 15:48:45] stage-4: logger initialized (or attempted)
[2025-10-09 15:48:45] stage-5: stylesheet loaded (if any)
[2025-10-09 15:48:45] stage-6: LoginWindow constructed
[2025-10-09 15:48:45] stage-7: LoginWindow shown
[2025-10-09 15:48:45] stage-8: entering app.exec()
[2025-10-09 15:52:11] pre-0: entering main()
[2025-10-09 15:52:11] stage-1: QApplication constructed
[2025-10-09 15:52:11] stage-2: setQuitOnLastWindowClosed(false)
[2025-10-09 15:52:11] stage-3: app meta set
[2025-10-09 15:52:11] stage-4: logger initialized (or attempted)
[2025-10-09 15:52:11] stage-5: stylesheet loaded (if any)
[2025-10-09 15:52:11] stage-6: LoginWindow constructed
[2025-10-09 15:52:11] stage-7: LoginWindow shown
[2025-10-09 15:52:11] stage-8: entering app.exec()
[2025-10-09 15:56:54] pre-0: entering main()
[2025-10-09 15:56:54] stage-1: QApplication constructed
[2025-10-09 15:56:54] stage-2: setQuitOnLastWindowClosed(false)
[2025-10-09 15:56:54] stage-3: app meta set
[2025-10-09 15:56:54] stage-4: logger initialized (or attempted)
[2025-10-09 15:56:54] stage-5: stylesheet loaded (if any)
[2025-10-09 15:56:54] stage-6: LoginWindow constructed
[2025-10-09 15:56:54] stage-7: LoginWindow shown
[2025-10-09 15:56:54] stage-8: entering app.exec()
[2025-10-09 16:00:06] pre-0: entering main()
[2025-10-09 16:00:06] stage-1: QApplication constructed
[2025-10-09 16:00:06] stage-2: setQuitOnLastWindowClosed(false)
[2025-10-09 16:00:06] stage-3: app meta set
[2025-10-09 16:00:06] stage-4: logger initialized (or attempted)
[2025-10-09 16:00:06] stage-5: stylesheet loaded (if any)
[2025-10-09 16:00:06] stage-6: LoginWindow constructed
[2025-10-09 16:00:06] stage-7: LoginWindow shown
[2025-10-09 16:00:06] stage-8: entering app.exec()
[2025-10-09 16:04:29] pre-0: entering main()
[2025-10-09 16:04:29] stage-1: QApplication constructed
[2025-10-09 16:04:29] stage-2: setQuitOnLastWindowClosed(false)
[2025-10-09 16:04:29] stage-3: app meta set
[2025-10-09 16:04:29] stage-4: logger initialized (or attempted)
[2025-10-09 16:04:29] stage-5: stylesheet loaded (if any)
[2025-10-09 16:04:29] stage-6: LoginWindow constructed
[2025-10-09 16:04:30] stage-7: LoginWindow shown
[2025-10-09 16:04:30] stage-8: entering app.exec()
[2025-10-09 16:07:09] pre-0: entering main()
[2025-10-09 16:07:09] stage-1: QApplication constructed
[2025-10-09 16:07:09] stage-2: setQuitOnLastWindowClosed(false)
[2025-10-09 16:07:09] stage-3: app meta set
[2025-10-09 16:07:09] stage-4: logger initialized (or attempted)
[2025-10-09 16:07:09] stage-5: stylesheet loaded (if any)
[2025-10-09 16:07:09] stage-6: LoginWindow constructed
[2025-10-09 16:07:09] stage-7: LoginWindow shown
[2025-10-09 16:07:09] stage-8: entering app.exec()
[2025-10-09 16:12:12] pre-0: entering main()
[2025-10-09 16:12:12] stage-1: QApplication constructed
[2025-10-09 16:12:12] stage-2: setQuitOnLastWindowClosed(false)
[2025-10-09 16:12:12] stage-3: app meta set
[2025-10-09 16:12:12] stage-4: logger initialized (or attempted)
[2025-10-09 16:12:12] stage-5: stylesheet loaded (if any)
[2025-10-09 16:12:12] stage-6: LoginWindow constructed
[2025-10-09 16:12:12] stage-7: LoginWindow shown
[2025-10-09 16:12:12] stage-8: entering app.exec()
[2025-10-09 16:17:47] pre-0: entering main()
[2025-10-09 16:17:47] stage-1: QApplication constructed
[2025-10-09 16:17:47] stage-2: setQuitOnLastWindowClosed(false)
[2025-10-09 16:17:47] stage-3: app meta set
[2025-10-09 16:17:47] stage-4: logger initialized (or attempted)
[2025-10-09 16:17:47] stage-5: stylesheet loaded (if any)
[2025-10-09 16:17:47] stage-6: LoginWindow constructed
[2025-10-09 16:17:47] stage-7: LoginWindow shown
[2025-10-09 16:17:47] stage-8: entering app.exec()
[2025-10-09 16:20:16] pre-0: entering main()
[2025-10-09 16:20:16] stage-1: QApplication constructed
[2025-10-09 16:20:16] stage-2: setQuitOnLastWindowClosed(false)
[2025-10-09 16:20:16] stage-3: app meta set
[2025-10-09 16:20:16] stage-4: logger initialized (or attempted)
[2025-10-09 16:20:16] stage-5: stylesheet loaded (if any)
[2025-10-09 16:20:16] stage-6: LoginWindow constructed
[2025-10-09 16:20:16] stage-7: LoginWindow shown
[2025-10-09 16:20:16] stage-8: entering app.exec()
[2025-10-09 16:21:25] pre-0: entering main()
[2025-10-09 16:21:25] stage-1: QApplication constructed
[2025-10-09 16:21:25] stage-2: setQuitOnLastWindowClosed(false)
[2025-10-09 16:21:25] stage-3: app meta set
[2025-10-09 16:21:25] stage-4: logger initialized (or attempted)
[2025-10-09 16:21:25] stage-5: stylesheet loaded (if any)
[2025-10-09 16:21:25] stage-6: LoginWindow constructed
[2025-10-09 16:21:25] stage-7: LoginWindow shown
[2025-10-09 16:21:25] stage-8: entering app.exec()
[2025-10-09 16:23:11] pre-0: entering main()
[2025-10-09 16:23:11] stage-1: QApplication constructed
[2025-10-09 16:23:11] stage-2: setQuitOnLastWindowClosed(false)
[2025-10-09 16:23:11] stage-3: app meta set
[2025-10-09 16:23:11] stage-4: logger initialized (or attempted)
[2025-10-09 16:23:11] stage-5: stylesheet loaded (if any)
[2025-10-09 16:23:11] stage-6: LoginWindow constructed
[2025-10-09 16:23:11] stage-7: LoginWindow shown
[2025-10-09 16:23:11] stage-8: entering app.exec()
[2025-10-09 16:32:39] pre-0: entering main()
[2025-10-09 16:32:39] stage-1: QApplication constructed
[2025-10-09 16:32:39] stage-2: setQuitOnLastWindowClosed(false)
[2025-10-09 16:32:39] stage-3: app meta set
[2025-10-09 16:32:39] stage-4: logger initialized (or attempted)
[2025-10-09 16:32:39] stage-5: stylesheet loaded (if any)
[2025-10-09 16:32:39] stage-6: LoginWindow constructed
[2025-10-09 16:32:39] stage-7: LoginWindow shown
[2025-10-09 16:32:39] stage-8: entering app.exec()
[2025-10-09 20:24:49] pre-0: entering main()
[2025-10-09 20:24:49] stage-1: QApplication constructed
[2025-10-09 20:24:49] stage-2: setQuitOnLastWindowClosed(false)
[2025-10-09 20:24:49] stage-3: app meta set
[2025-10-09 20:24:49] stage-4: logger initialized (or attempted)
[2025-10-09 20:24:49] stage-5: stylesheet loaded (if any)
[2025-10-09 20:24:49] stage-6: LoginWindow constructed
[2025-10-09 20:24:49] stage-7: LoginWindow shown
[2025-10-09 20:24:49] stage-8: entering app.exec()
[2025-10-09 20:58:20] pre-0: entering main()
[2025-10-09 20:58:20] stage-1: QApplication constructed
[2025-10-09 20:58:20] stage-2: setQuitOnLastWindowClosed(false)
[2025-10-09 20:58:20] stage-3: app meta set
[2025-10-09 20:58:20] stage-4: logger initialized (or attempted)
[2025-10-09 20:58:20] stage-5: stylesheet loaded (if any)
[2025-10-09 20:58:21] stage-6: LoginWindow constructed
[2025-10-09 20:58:21] stage-7: LoginWindow shown
[2025-10-09 20:58:21] stage-8: entering app.exec()
[2025-10-09 21:02:51] pre-0: entering main()
[2025-10-09 21:02:51] stage-1: QApplication constructed
[2025-10-09 21:02:51] stage-2: setQuitOnLastWindowClosed(false)
[2025-10-09 21:02:51] stage-3: app meta set
[2025-10-09 21:02:51] stage-4: logger initialized (or attempted)
[2025-10-09 21:02:51] stage-5: stylesheet loaded (if any)
[2025-10-09 21:02:51] stage-6: LoginWindow constructed
[2025-10-09 21:02:51] stage-7: LoginWindow shown
[2025-10-09 21:02:51] stage-8: entering app.exec()
[2025-10-09 21:04:49] pre-0: entering main()
[2025-10-09 21:04:50] stage-1: QApplication constructed
[2025-10-09 21:04:50] stage-2: setQuitOnLastWindowClosed(false)
[2025-10-09 21:04:50] stage-3: app meta set
[2025-10-09 21:04:50] stage-4: logger initialized (or attempted)
[2025-10-09 21:04:50] stage-5: stylesheet loaded (if any)
[2025-10-09 21:04:50] stage-6: LoginWindow constructed
[2025-10-09 21:04:50] stage-7: LoginWindow shown
[2025-10-09 21:04:50] stage-8: entering app.exec()
[2025-10-09 21:20:26] pre-0: entering main()
[2025-10-09 21:20:26] stage-1: QApplication constructed
[2025-10-09 21:20:26] stage-2: setQuitOnLastWindowClosed(false)
[2025-10-09 21:20:26] stage-3: app meta set
[2025-10-09 21:20:26] stage-4: logger initialized (or attempted)
[2025-10-09 21:20:26] stage-5: stylesheet loaded (if any)
[2025-10-09 21:20:26] stage-6: LoginWindow constructed
[2025-10-09 21:20:26] stage-7: LoginWindow shown
[2025-10-09 21:20:26] stage-8: entering app.exec()
[2025-10-09 21:21:30] pre-0: entering main()
[2025-10-09 21:21:31] stage-1: QApplication constructed
[2025-10-09 21:21:31] stage-2: setQuitOnLastWindowClosed(false)
[2025-10-09 21:21:31] stage-3: app meta set
[2025-10-09 21:21:31] stage-4: logger initialized (or attempted)
[2025-10-09 21:21:31] stage-5: stylesheet loaded (if any)
[2025-10-09 21:21:31] stage-6: LoginWindow constructed
[2025-10-09 21:21:31] stage-7: LoginWindow shown
[2025-10-09 21:21:31] stage-8: entering app.exec()
[2025-10-09 21:28:25] pre-0: entering main()
[2025-10-09 21:28:26] stage-1: QApplication constructed
[2025-10-09 21:28:26] stage-2: setQuitOnLastWindowClosed(false)
[2025-10-09 21:28:26] stage-3: app meta set
[2025-10-09 21:28:26] stage-4: logger initialized (or attempted)
[2025-10-09 21:28:26] stage-5: stylesheet loaded (if any)
[2025-10-09 21:28:26] stage-6: LoginWindow constructed
[2025-10-09 21:28:26] stage-7: LoginWindow shown
[2025-10-09 21:28:26] stage-8: entering app.exec()
[2025-10-09 21:51:04] pre-0: entering main()
[2025-10-09 21:51:04] stage-1: QApplication constructed
[2025-10-09 21:51:04] stage-2: setQuitOnLastWindowClosed(false)
[2025-10-09 21:51:04] stage-3: app meta set
[2025-10-09 21:51:04] stage-4: logger initialized (or attempted)
[2025-10-09 21:51:04] stage-5: stylesheet loaded (if any)
[2025-10-09 21:51:04] stage-6: LoginWindow constructed
[2025-10-09 21:51:04] stage-7: LoginWindow shown
[2025-10-09 21:51:04] stage-8: entering app.exec()
[2025-10-09 21:56:40] pre-0: entering main()
[2025-10-09 21:56:40] stage-1: QApplication constructed
[2025-10-09 21:56:40] stage-2: setQuitOnLastWindowClosed(false)
[2025-10-09 21:56:40] stage-3: app meta set
[2025-10-09 21:56:40] stage-4: logger initialized (or attempted)
[2025-10-09 21:56:40] stage-5: stylesheet loaded (if any)
[2025-10-09 21:56:40] stage-6: LoginWindow constructed
[2025-10-09 21:56:40] stage-7: LoginWindow shown
[2025-10-09 21:56:40] stage-8: entering app.exec()
[2025-10-09 22:14:22] pre-0: entering main()
[2025-10-09 22:14:22] stage-1: QApplication constructed
[2025-10-09 22:14:22] stage-2: setQuitOnLastWindowClosed(false)
[2025-10-09 22:14:22] stage-3: app meta set
[2025-10-09 22:14:22] stage-4: logger initialized (or attempted)
[2025-10-09 22:14:22] stage-5: stylesheet loaded (if any)
[2025-10-09 22:14:22] stage-6: LoginWindow constructed
[2025-10-09 22:14:22] stage-7: LoginWindow shown
[2025-10-09 22:14:22] stage-8: entering app.exec()
[2025-10-09 22:19:27] pre-0: entering main()
[2025-10-09 22:19:27] stage-1: QApplication constructed
[2025-10-09 22:19:27] stage-2: setQuitOnLastWindowClosed(false)
[2025-10-09 22:19:27] stage-3: app meta set
[2025-10-09 22:19:27] stage-4: logger initialized (or attempted)
[2025-10-09 22:19:27] stage-5: stylesheet loaded (if any)
[2025-10-09 22:19:28] stage-6: LoginWindow constructed
[2025-10-09 22:19:28] stage-7: LoginWindow shown
[2025-10-09 22:19:28] stage-8: entering app.exec()
[2025-10-09 22:20:24] pre-0: entering main()
[2025-10-09 22:20:24] stage-1: QApplication constructed
[2025-10-09 22:20:24] stage-2: setQuitOnLastWindowClosed(false)
[2025-10-09 22:20:24] stage-3: app meta set
[2025-10-09 22:20:24] stage-4: logger initialized (or attempted)
[2025-10-09 22:20:24] stage-5: stylesheet loaded (if any)
[2025-10-09 22:20:24] stage-6: LoginWindow constructed
[2025-10-09 22:20:24] stage-7: LoginWindow shown
[2025-10-09 22:20:24] stage-8: entering app.exec()
[2025-10-09 22:20:46] pre-0: entering main()
[2025-10-09 22:20:46] stage-1: QApplication constructed
[2025-10-09 22:20:46] stage-2: setQuitOnLastWindowClosed(false)
[2025-10-09 22:20:46] stage-3: app meta set
[2025-10-09 22:20:46] stage-4: logger initialized (or attempted)
[2025-10-09 22:20:46] stage-5: stylesheet loaded (if any)
[2025-10-09 22:20:46] stage-6: LoginWindow constructed
[2025-10-09 22:20:46] stage-7: LoginWindow shown
[2025-10-09 22:20:46] stage-8: entering app.exec()
[2025-10-09 22:26:11] pre-0: entering main()
[2025-10-09 22:26:11] stage-1: QApplication constructed
[2025-10-09 22:26:11] stage-2: setQuitOnLastWindowClosed(false)
[2025-10-09 22:26:11] stage-3: app meta set
[2025-10-09 22:26:11] stage-4: logger initialized (or attempted)
[2025-10-09 22:26:11] stage-5: stylesheet loaded (if any)
[2025-10-09 22:26:11] stage-6: LoginWindow constructed
[2025-10-09 22:26:11] stage-7: LoginWindow shown
[2025-10-09 22:26:11] stage-8: entering app.exec()
[2025-10-09 22:37:37] pre-0: entering main()
[2025-10-09 22:37:37] stage-1: QApplication constructed
[2025-10-09 22:37:37] stage-2: setQuitOnLastWindowClosed(false)
[2025-10-09 22:37:37] stage-3: app meta set
[2025-10-09 22:37:37] stage-4: logger initialized (or attempted)
[2025-10-09 22:37:37] stage-5: stylesheet loaded (if any)
[2025-10-09 22:37:37] stage-6: LoginWindow constructed
[2025-10-09 22:37:37] stage-7: LoginWindow shown
[2025-10-09 22:37:37] stage-8: entering app.exec()
[2025-10-09 22:42:49] pre-0: entering main()
[2025-10-09 22:42:49] stage-1: QApplication constructed
[2025-10-09 22:42:49] stage-2: setQuitOnLastWindowClosed(false)
[2025-10-09 22:42:49] stage-3: app meta set
[2025-10-09 22:42:49] stage-4: logger initialized (or attempted)
[2025-10-09 22:42:49] stage-5: stylesheet loaded (if any)
[2025-10-09 22:42:49] stage-6: LoginWindow constructed
[2025-10-09 22:42:49] stage-7: LoginWindow shown
[2025-10-09 22:42:49] stage-8: entering app.exec()
[2025-10-09 23:19:00] pre-0: entering main()
[2025-10-09 23:19:00] stage-1: QApplication constructed
[2025-10-09 23:19:00] stage-2: setQuitOnLastWindowClosed(false)
[2025-10-09 23:19:00] stage-3: app meta set
[2025-10-09 23:19:00] stage-4: logger initialized (or attempted)
[2025-10-09 23:19:00] stage-5: stylesheet loaded (if any)
[2025-10-09 23:19:00] stage-6: LoginWindow constructed
[2025-10-09 23:19:00] stage-7: LoginWindow shown
[2025-10-09 23:19:00] stage-8: entering app.exec()
[2025-10-09 23:30:29] pre-0: entering main()
[2025-10-09 23:30:29] stage-1: QApplication constructed
[2025-10-09 23:30:29] stage-2: setQuitOnLastWindowClosed(false)
[2025-10-09 23:30:29] stage-3: app meta set
[2025-10-09 23:30:29] stage-4: logger initialized (or attempted)
[2025-10-09 23:30:29] stage-5: stylesheet loaded (if any)
[2025-10-09 23:30:29] stage-6: LoginWindow constructed
[2025-10-09 23:30:29] stage-7: LoginWindow shown
[2025-10-09 23:30:29] stage-8: entering app.exec()
[2025-10-09 23:33:23] pre-0: entering main()
[2025-10-09 23:33:23] stage-1: QApplication constructed
[2025-10-09 23:33:23] stage-2: setQuitOnLastWindowClosed(false)
[2025-10-09 23:33:23] stage-3: app meta set
[2025-10-09 23:33:23] stage-4: logger initialized (or attempted)
[2025-10-09 23:33:23] stage-5: stylesheet loaded (if any)
[2025-10-09 23:33:23] stage-6: LoginWindow constructed
[2025-10-09 23:33:24] stage-7: LoginWindow shown
[2025-10-09 23:33:24] stage-8: entering app.exec()
[2025-10-10 07:51:28] pre-0: entering main()
[2025-10-10 07:51:28] stage-1: QApplication constructed
[2025-10-10 07:51:28] stage-2: setQuitOnLastWindowClosed(false)
[2025-10-10 07:51:28] stage-3: app meta set
[2025-10-10 07:51:28] stage-4: logger initialized (or attempted)
[2025-10-10 07:51:28] stage-5: stylesheet loaded (if any)
[2025-10-10 07:51:28] stage-6: LoginWindow constructed
[2025-10-10 07:51:28] stage-7: LoginWindow shown
[2025-10-10 07:51:28] stage-8: entering app.exec()
[2025-10-10 08:01:00] pre-0: entering main()
[2025-10-10 08:01:00] stage-1: QApplication constructed
[2025-10-10 08:01:00] stage-2: setQuitOnLastWindowClosed(false)
[2025-10-10 08:01:00] stage-3: app meta set
[2025-10-10 08:01:00] stage-4: logger initialized (or attempted)
[2025-10-10 08:01:00] stage-5: stylesheet loaded (if any)
[2025-10-10 08:01:00] stage-6: LoginWindow constructed
[2025-10-10 08:01:00] stage-7: LoginWindow shown
[2025-10-10 08:01:00] stage-8: entering app.exec()
[2025-10-10 09:22:30] pre-0: entering main()
[2025-10-10 09:22:30] stage-1: QApplication constructed
[2025-10-10 09:22:30] stage-2: setQuitOnLastWindowClosed(false)
[2025-10-10 09:22:30] stage-3: app meta set
[2025-10-10 09:22:30] stage-4: logger initialized (or attempted)
[2025-10-10 09:22:30] stage-5: stylesheet loaded (if any)
[2025-10-10 09:22:30] stage-6: LoginWindow constructed
[2025-10-10 09:22:30] stage-7: LoginWindow shown
[2025-10-10 09:22:30] stage-8: entering app.exec()
[2025-10-10 09:25:09] pre-0: entering main()
[2025-10-10 09:25:09] stage-1: QApplication constructed
[2025-10-10 09:25:09] stage-2: setQuitOnLastWindowClosed(false)
[2025-10-10 09:25:09] stage-3: app meta set
[2025-10-10 09:25:09] stage-4: logger initialized (or attempted)
[2025-10-10 09:25:09] stage-5: stylesheet loaded (if any)
[2025-10-10 09:25:09] stage-6: LoginWindow constructed
[2025-10-10 09:25:09] stage-7: LoginWindow shown
[2025-10-10 09:25:09] stage-8: entering app.exec()
[2025-10-10 09:29:23] pre-0: entering main()
[2025-10-10 09:29:23] stage-1: QApplication constructed
[2025-10-10 09:29:23] stage-2: setQuitOnLastWindowClosed(false)
[2025-10-10 09:29:23] stage-3: app meta set
[2025-10-10 09:29:23] stage-4: logger initialized (or attempted)
[2025-10-10 09:29:23] stage-5: stylesheet loaded (if any)
[2025-10-10 09:29:23] stage-6: LoginWindow constructed
[2025-10-10 09:29:23] stage-7: LoginWindow shown
[2025-10-10 09:29:23] stage-8: entering app.exec()
[2025-10-10 09:37:34] pre-0: entering main()
[2025-10-10 09:37:34] stage-1: QApplication constructed
[2025-10-10 09:37:34] stage-2: setQuitOnLastWindowClosed(false)
[2025-10-10 09:37:34] stage-3: app meta set
[2025-10-10 09:37:34] stage-4: logger initialized (or attempted)
[2025-10-10 09:37:34] stage-5: stylesheet loaded (if any)
[2025-10-10 09:37:34] stage-6: LoginWindow constructed
[2025-10-10 09:37:34] stage-7: LoginWindow shown
[2025-10-10 09:37:34] stage-8: entering app.exec()
[2025-10-10 09:43:10] pre-0: entering main()
[2025-10-10 09:43:11] stage-1: QApplication constructed
[2025-10-10 09:43:11] stage-2: setQuitOnLastWindowClosed(false)
[2025-10-10 09:43:11] stage-3: app meta set
[2025-10-10 09:43:11] stage-4: logger initialized (or attempted)
[2025-10-10 09:43:11] stage-5: stylesheet loaded (if any)
[2025-10-10 09:43:11] stage-6: LoginWindow constructed
[2025-10-10 09:43:11] stage-7: LoginWindow shown
[2025-10-10 09:43:11] stage-8: entering app.exec()
[2025-10-10 10:02:49] pre-0: entering main()
[2025-10-10 10:02:49] stage-1: QApplication constructed
[2025-10-10 10:02:49] stage-2: setQuitOnLastWindowClosed(false)
[2025-10-10 10:02:49] stage-3: app meta set
[2025-10-10 10:02:49] stage-4: logger initialized (or attempted)
[2025-10-10 10:02:49] stage-5: stylesheet loaded (if any)
[2025-10-10 10:02:49] stage-6: LoginWindow constructed
[2025-10-10 10:02:50] stage-7: LoginWindow shown
[2025-10-10 10:02:50] stage-8: entering app.exec()
[2025-10-10 10:11:35] pre-0: entering main()
[2025-10-10 10:11:36] stage-1: QApplication constructed
[2025-10-10 10:11:36] stage-2: setQuitOnLastWindowClosed(false)
[2025-10-10 10:11:36] stage-3: app meta set
[2025-10-10 10:11:36] stage-4: logger initialized (or attempted)
[2025-10-10 10:11:36] stage-5: stylesheet loaded (if any)
[2025-10-10 10:11:36] stage-6: LoginWindow constructed
[2025-10-10 10:11:36] stage-7: LoginWindow shown
[2025-10-10 10:11:36] stage-8: entering app.exec()
[2025-10-10 10:13:34] pre-0: entering main()
[2025-10-10 10:13:35] stage-1: QApplication constructed
[2025-10-10 10:13:35] stage-2: setQuitOnLastWindowClosed(false)
[2025-10-10 10:13:35] stage-3: app meta set
[2025-10-10 10:13:35] stage-4: logger initialized (or attempted)
[2025-10-10 10:13:35] stage-5: stylesheet loaded (if any)
[2025-10-10 10:13:35] stage-6: LoginWindow constructed
[2025-10-10 10:13:35] stage-7: LoginWindow shown
[2025-10-10 10:13:35] stage-8: entering app.exec()
[2025-10-10 10:14:04] pre-0: entering main()
[2025-10-10 10:14:04] stage-1: QApplication constructed
[2025-10-10 10:14:04] stage-2: setQuitOnLastWindowClosed(false)
[2025-10-10 10:14:04] stage-3: app meta set
[2025-10-10 10:14:04] stage-4: logger initialized (or attempted)
[2025-10-10 10:14:04] stage-5: stylesheet loaded (if any)
[2025-10-10 10:14:04] stage-6: LoginWindow constructed
[2025-10-10 10:14:04] stage-7: LoginWindow shown
[2025-10-10 10:14:04] stage-8: entering app.exec()
[2025-10-10 10:14:54] pre-0: entering main()
[2025-10-10 10:14:54] stage-1: QApplication constructed
[2025-10-10 10:14:54] stage-2: setQuitOnLastWindowClosed(false)
[2025-10-10 10:14:54] stage-3: app meta set
[2025-10-10 10:14:54] stage-4: logger initialized (or attempted)
[2025-10-10 10:14:54] stage-5: stylesheet loaded (if any)
[2025-10-10 10:14:54] stage-6: LoginWindow constructed
[2025-10-10 10:14:54] stage-7: LoginWindow shown
[2025-10-10 10:14:54] stage-8: entering app.exec()
[2025-10-10 10:23:41] pre-0: entering main()
[2025-10-10 10:23:41] stage-1: QApplication constructed
[2025-10-10 10:23:41] stage-2: setQuitOnLastWindowClosed(false)
[2025-10-10 10:23:41] stage-3: app meta set
[2025-10-10 10:23:41] stage-4: logger initialized (or attempted)
[2025-10-10 10:23:41] stage-5: stylesheet loaded (if any)
[2025-10-10 10:23:41] stage-6: LoginWindow constructed
[2025-10-10 10:23:41] stage-7: LoginWindow shown
[2025-10-10 10:23:41] stage-8: entering app.exec()
[2025-10-10 10:35:37] pre-0: entering main()
[2025-10-10 10:35:37] stage-1: QApplication constructed
[2025-10-10 10:35:37] stage-2: setQuitOnLastWindowClosed(false)
[2025-10-10 10:35:37] stage-3: app meta set
[2025-10-10 10:35:37] stage-4: logger initialized (or attempted)
[2025-10-10 10:35:37] stage-5: stylesheet loaded (if any)
[2025-10-10 10:35:37] stage-6: LoginWindow constructed
[2025-10-10 10:35:37] stage-7: LoginWindow shown
[2025-10-10 10:35:37] stage-8: entering app.exec()
[2025-10-10 11:19:41] pre-0: entering main()
[2025-10-10 11:19:41] stage-1: QApplication constructed
[2025-10-10 11:19:41] stage-2: setQuitOnLastWindowClosed(false)
[2025-10-10 11:19:41] stage-3: app meta set
[2025-10-10 11:19:41] stage-4: logger initialized (or attempted)
[2025-10-10 11:19:41] stage-5: stylesheet loaded (if any)
[2025-10-10 11:19:41] stage-6: LoginWindow constructed
[2025-10-10 11:19:41] stage-7: LoginWindow shown
[2025-10-10 11:19:41] stage-8: entering app.exec()
[2025-10-10 11:27:06] pre-0: entering main()
[2025-10-10 11:27:07] stage-1: QApplication constructed
[2025-10-10 11:27:07] stage-2: setQuitOnLastWindowClosed(false)
[2025-10-10 11:27:07] stage-3: app meta set
[2025-10-10 11:27:07] stage-4: logger initialized (or attempted)
[2025-10-10 11:27:07] stage-5: stylesheet loaded (if any)
[2025-10-10 11:27:07] stage-6: LoginWindow constructed
[2025-10-10 11:27:07] stage-7: LoginWindow shown
[2025-10-10 11:27:07] stage-8: entering app.exec()
[2025-10-10 11:47:25] pre-0: entering main()
[2025-10-10 11:47:25] stage-1: QApplication constructed
[2025-10-10 11:47:25] stage-2: setQuitOnLastWindowClosed(false)
[2025-10-10 11:47:25] stage-3: app meta set
[2025-10-10 11:47:25] stage-4: logger initialized (or attempted)
[2025-10-10 11:47:25] stage-5: stylesheet loaded (if any)
[2025-10-10 11:47:25] stage-6: LoginWindow constructed
[2025-10-10 11:47:25] stage-7: LoginWindow shown
[2025-10-10 11:47:25] stage-8: entering app.exec()
[2025-10-10 11:48:35] pre-0: entering main()
[2025-10-10 11:48:35] stage-1: QApplication constructed
[2025-10-10 11:48:35] stage-2: setQuitOnLastWindowClosed(false)
[2025-10-10 11:48:35] stage-3: app meta set
[2025-10-10 11:48:35] stage-4: logger initialized (or attempted)
[2025-10-10 11:48:35] stage-5: stylesheet loaded (if any)
[2025-10-10 11:48:35] stage-6: LoginWindow constructed
[2025-10-10 11:48:35] stage-7: LoginWindow shown
[2025-10-10 11:48:35] stage-8: entering app.exec()
[2025-10-10 12:11:54] pre-0: entering main()
[2025-10-10 12:11:54] stage-1: QApplication constructed
[2025-10-10 12:11:54] stage-2: setQuitOnLastWindowClosed(false)
[2025-10-10 12:11:54] stage-3: app meta set
[2025-10-10 12:11:54] stage-4: logger initialized (or attempted)
[2025-10-10 12:11:54] stage-5: stylesheet loaded (if any)
[2025-10-10 12:11:54] stage-6: LoginWindow constructed
[2025-10-10 12:11:54] stage-7: LoginWindow shown
[2025-10-10 12:11:55] stage-8: entering app.exec()
[2025-10-10 12:16:08] pre-0: entering main()
[2025-10-10 12:16:08] stage-1: QApplication constructed
[2025-10-10 12:16:08] stage-2: setQuitOnLastWindowClosed(false)
[2025-10-10 12:16:08] stage-3: app meta set
[2025-10-10 12:16:08] stage-4: logger initialized (or attempted)
[2025-10-10 12:16:08] stage-5: stylesheet loaded (if any)
[2025-10-10 12:16:08] stage-6: LoginWindow constructed
[2025-10-10 12:16:08] stage-7: LoginWindow shown
[2025-10-10 12:16:08] stage-8: entering app.exec()
[2025-10-10 12:19:10] pre-0: entering main()
[2025-10-10 12:19:10] stage-1: QApplication constructed
[2025-10-10 12:19:10] stage-2: setQuitOnLastWindowClosed(false)
[2025-10-10 12:19:10] stage-3: app meta set
[2025-10-10 12:19:10] stage-4: logger initialized (or attempted)
[2025-10-10 12:19:10] stage-5: stylesheet loaded (if any)
[2025-10-10 12:19:10] stage-6: LoginWindow constructed
[2025-10-10 12:19:10] stage-7: LoginWindow shown
[2025-10-10 12:19:10] stage-8: entering app.exec()
[2025-10-10 12:36:05] pre-0: entering main()
[2025-10-10 12:36:05] stage-1: QApplication constructed
[2025-10-10 12:36:05] stage-2: setQuitOnLastWindowClosed(false)
[2025-10-10 12:36:05] stage-3: app meta set
[2025-10-10 12:36:05] stage-4: logger initialized (or attempted)
[2025-10-10 12:36:05] stage-5: stylesheet loaded (if any)
[2025-10-10 12:36:05] stage-6: LoginWindow constructed
[2025-10-10 12:36:06] stage-7: LoginWindow shown
[2025-10-10 12:36:06] stage-8: entering app.exec()
[2025-10-10 12:43:36] pre-0: entering main()
[2025-10-10 12:43:36] stage-1: QApplication constructed
[2025-10-10 12:43:36] stage-2: setQuitOnLastWindowClosed(false)
[2025-10-10 12:43:36] stage-3: app meta set
[2025-10-10 12:43:36] stage-4: logger initialized (or attempted)
[2025-10-10 12:43:36] stage-5: stylesheet loaded (if any)
[2025-10-10 12:43:37] stage-6: LoginWindow constructed
[2025-10-10 12:43:37] stage-7: LoginWindow shown
[2025-10-10 12:43:37] stage-8: entering app.exec()
[2025-10-10 12:54:03] pre-0: entering main()
[2025-10-10 12:54:03] stage-1: QApplication constructed
[2025-10-10 12:54:03] stage-2: setQuitOnLastWindowClosed(false)
[2025-10-10 12:54:03] stage-3: app meta set
[2025-10-10 12:54:03] stage-4: logger initialized (or attempted)
[2025-10-10 12:54:03] stage-5: stylesheet loaded (if any)
[2025-10-10 12:54:03] stage-6: LoginWindow constructed
[2025-10-10 12:54:03] stage-7: LoginWindow shown
[2025-10-10 12:54:03] stage-8: entering app.exec()
[2025-10-10 12:58:35] pre-0: entering main()
[2025-10-10 12:58:35] stage-1: QApplication constructed
[2025-10-10 12:58:35] stage-2: setQuitOnLastWindowClosed(false)
[2025-10-10 12:58:35] stage-3: app meta set
[2025-10-10 12:58:35] stage-4: logger initialized (or attempted)
[2025-10-10 12:58:35] stage-5: stylesheet loaded (if any)
[2025-10-10 12:58:35] stage-6: LoginWindow constructed
[2025-10-10 12:58:35] stage-7: LoginWindow shown
[2025-10-10 12:58:35] stage-8: entering app.exec()
[2025-10-10 15:17:53] pre-0: entering main()
[2025-10-10 15:17:53] stage-1: QApplication constructed
[2025-10-10 15:17:53] stage-2: setQuitOnLastWindowClosed(false)
[2025-10-10 15:17:53] stage-3: app meta set
[2025-10-10 15:17:53] stage-4: logger initialized (or attempted)
[2025-10-10 15:17:53] stage-5: stylesheet loaded (if any)
[2025-10-10 15:17:53] stage-6: LoginWindow constructed
[2025-10-10 15:17:53] stage-7: LoginWindow shown
[2025-10-10 15:17:53] stage-8: entering app.exec()
[2025-10-10 17:47:25] pre-0: entering main()
[2025-10-10 17:47:25] stage-1: QApplication constructed
[2025-10-10 17:47:25] stage-2: setQuitOnLastWindowClosed(false)
[2025-10-10 17:47:25] stage-3: app meta set
[2025-10-10 17:47:25] stage-4: logger initialized (or attempted)
[2025-10-10 17:47:25] stage-5: stylesheet loaded (if any)
[2025-10-10 17:47:25] stage-6: LoginWindow constructed
[2025-10-10 17:47:25] stage-7: LoginWindow shown
[2025-10-10 17:47:25] stage-8: entering app.exec()
[2025-10-10 20:30:48] pre-0: entering main()
[2025-10-10 20:30:48] stage-1: QApplication constructed
[2025-10-10 20:30:48] stage-2: setQuitOnLastWindowClosed(false)
[2025-10-10 20:30:48] stage-3: app meta set
[2025-10-10 20:30:48] stage-4: logger initialized (or attempted)
[2025-10-10 20:30:48] stage-5: stylesheet loaded (if any)
[2025-10-10 20:30:48] stage-6: LoginWindow constructed
[2025-10-10 20:30:48] stage-7: LoginWindow shown
[2025-10-10 20:30:48] stage-8: entering app.exec()
[2025-10-10 20:32:57] pre-0: entering main()
[2025-10-10 20:32:57] stage-1: QApplication constructed
[2025-10-10 20:32:57] stage-2: setQuitOnLastWindowClosed(false)
[2025-10-10 20:32:57] stage-3: app meta set
[2025-10-10 20:32:57] stage-4: logger initialized (or attempted)
[2025-10-10 20:32:57] stage-5: stylesheet loaded (if any)
[2025-10-10 20:32:57] stage-6: LoginWindow constructed
[2025-10-10 20:32:57] stage-7: LoginWindow shown
[2025-10-10 20:32:57] stage-8: entering app.exec()
[2025-10-13 22:04:07] pre-0: entering main()
[2025-10-13 22:04:07] stage-1: QApplication constructed
[2025-10-13 22:04:07] stage-2: setQuitOnLastWindowClosed(false)
[2025-10-13 22:04:07] stage-3: app meta set
[2025-10-13 22:04:07] stage-4: logger initialized (or attempted)
[2025-10-13 22:04:07] stage-5: stylesheet loaded (if any)
[2025-10-13 22:04:07] stage-6: LoginWindow constructed
[2025-10-13 22:04:08] stage-7: LoginWindow shown
[2025-10-13 22:04:08] stage-8: entering app.exec()
[2025-10-13 22:13:53] pre-0: entering main()
[2025-10-13 22:13:53] stage-1: QApplication constructed
[2025-10-13 22:13:53] stage-2: setQuitOnLastWindowClosed(false)
[2025-10-13 22:13:53] stage-3: app meta set
[2025-10-13 22:13:53] stage-4: logger initialized (or attempted)
[2025-10-13 22:13:53] stage-5: stylesheet loaded (if any)
[2025-10-13 22:13:53] stage-6: LoginWindow constructed
[2025-10-13 22:13:53] stage-7: LoginWindow shown
[2025-10-13 22:13:53] stage-8: entering app.exec()
[2025-10-13 22:22:51] pre-0: entering main()
[2025-10-13 22:22:51] stage-1: QApplication constructed
[2025-10-13 22:22:51] stage-2: setQuitOnLastWindowClosed(false)
[2025-10-13 22:22:51] stage-3: app meta set
[2025-10-13 22:22:51] stage-4: logger initialized (or attempted)
[2025-10-13 22:22:51] stage-5: stylesheet loaded (if any)
[2025-10-13 22:22:51] stage-6: LoginWindow constructed
[2025-10-13 22:22:51] stage-7: LoginWindow shown
[2025-10-13 22:22:51] stage-8: entering app.exec()
[2025-10-13 22:38:30] pre-0: entering main()
[2025-10-13 22:38:30] stage-1: QApplication constructed
[2025-10-13 22:38:30] stage-2: setQuitOnLastWindowClosed(false)
[2025-10-13 22:38:30] stage-3: app meta set
[2025-10-13 22:38:30] stage-4: logger initialized (or attempted)
[2025-10-13 22:38:30] stage-5: stylesheet loaded (if any)
[2025-10-13 22:38:30] stage-6: LoginWindow constructed
[2025-10-13 22:38:30] stage-7: LoginWindow shown
[2025-10-13 22:38:30] stage-8: entering app.exec()
[2025-10-13 23:29:41] pre-0: entering main()
[2025-10-13 23:29:41] stage-1: QApplication constructed
[2025-10-13 23:29:41] stage-2: setQuitOnLastWindowClosed(false)
[2025-10-13 23:29:41] stage-3: app meta set
[2025-10-13 23:29:41] stage-4: logger initialized (or attempted)
[2025-10-13 23:29:41] stage-5: stylesheet loaded (if any)
[2025-10-13 23:29:41] stage-6: LoginWindow constructed
[2025-10-13 23:29:42] stage-7: LoginWindow shown
[2025-10-13 23:29:42] stage-8: entering app.exec()
[2025-10-14 12:28:48] pre-0: entering main()
[2025-10-14 12:28:48] stage-1: QApplication constructed
[2025-10-14 12:28:48] stage-2: setQuitOnLastWindowClosed(false)
[2025-10-14 12:28:48] stage-3: app meta set
[2025-10-14 12:28:48] stage-4: logger initialized (or attempted)
[2025-10-14 12:28:48] stage-5: stylesheet loaded (if any)
[2025-10-14 12:28:48] stage-6: LoginWindow constructed
[2025-10-14 12:28:48] stage-7: LoginWindow shown
[2025-10-14 12:28:48] stage-8: entering app.exec()
[2025-10-14 13:06:29] pre-0: entering main()
[2025-10-14 13:06:29] stage-1: QApplication constructed
[2025-10-14 13:06:29] stage-2: setQuitOnLastWindowClosed(false)
[2025-10-14 13:06:29] stage-3: app meta set
[2025-10-14 13:06:29] stage-4: logger initialized (or attempted)
[2025-10-14 13:06:29] stage-5: stylesheet loaded (if any)
[2025-10-14 13:06:29] stage-6: LoginWindow constructed
[2025-10-14 13:06:29] stage-7: LoginWindow shown
[2025-10-14 13:06:29] stage-8: entering app.exec()
[2025-10-14 13:16:56] pre-0: entering main()
[2025-10-14 13:16:56] stage-1: QApplication constructed
[2025-10-14 13:16:56] stage-2: setQuitOnLastWindowClosed(false)
[2025-10-14 13:16:56] stage-3: app meta set
[2025-10-14 13:16:56] stage-4: logger initialized (or attempted)
[2025-10-14 13:16:56] stage-5: stylesheet loaded (if any)
[2025-10-14 13:16:56] stage-6: LoginWindow constructed
[2025-10-14 13:16:56] stage-7: LoginWindow shown
[2025-10-14 13:16:56] stage-8: entering app.exec()
[2025-10-14 14:32:10] pre-0: entering main()
[2025-10-14 14:32:10] stage-1: QApplication constructed
[2025-10-14 14:32:10] stage-2: setQuitOnLastWindowClosed(false)
[2025-10-14 14:32:10] stage-3: app meta set
[2025-10-14 14:32:10] stage-4: logger initialized (or attempted)
[2025-10-14 14:32:10] stage-5: stylesheet loaded (if any)
[2025-10-14 14:32:10] stage-6: LoginWindow constructed
[2025-10-14 14:32:11] stage-7: LoginWindow shown
[2025-10-14 14:32:11] stage-8: entering app.exec()
[2025-10-14 14:44:20] pre-0: entering main()
[2025-10-14 14:44:20] stage-1: QApplication constructed
[2025-10-14 14:44:20] stage-2: setQuitOnLastWindowClosed(false)
[2025-10-14 14:44:20] stage-3: app meta set
[2025-10-14 14:44:20] stage-4: logger initialized (or attempted)
[2025-10-14 14:44:20] stage-5: stylesheet loaded (if any)
[2025-10-14 14:44:20] stage-6: LoginWindow constructed
[2025-10-14 14:44:21] stage-7: LoginWindow shown
[2025-10-14 14:44:21] stage-8: entering app.exec()
[2025-10-14 14:48:13] pre-0: entering main()
[2025-10-14 14:48:13] stage-1: QApplication constructed
[2025-10-14 14:48:13] stage-2: setQuitOnLastWindowClosed(false)
[2025-10-14 14:48:13] stage-3: app meta set
[2025-10-14 14:48:13] stage-4: logger initialized (or attempted)
[2025-10-14 14:48:13] stage-5: stylesheet loaded (if any)
[2025-10-14 14:48:13] stage-6: LoginWindow constructed
[2025-10-14 14:48:14] stage-7: LoginWindow shown
[2025-10-14 14:48:14] stage-8: entering app.exec()
[2025-10-14 14:57:29] pre-0: entering main()
[2025-10-14 14:57:29] stage-1: QApplication constructed
[2025-10-14 14:57:29] stage-2: setQuitOnLastWindowClosed(false)
[2025-10-14 14:57:29] stage-3: app meta set
[2025-10-14 14:57:29] stage-4: logger initialized (or attempted)
[2025-10-14 14:57:29] stage-5: stylesheet loaded (if any)
[2025-10-14 14:57:30] stage-6: LoginWindow constructed
[2025-10-14 14:57:30] stage-7: LoginWindow shown
[2025-10-14 14:57:30] stage-8: entering app.exec()
[2025-10-14 15:17:27] pre-0: entering main()
[2025-10-14 15:17:27] stage-1: QApplication constructed
[2025-10-14 15:17:27] stage-2: setQuitOnLastWindowClosed(false)
[2025-10-14 15:17:27] stage-3: app meta set
[2025-10-14 15:17:27] stage-4: logger initialized (or attempted)
[2025-10-14 15:17:27] stage-5: stylesheet loaded (if any)
[2025-10-14 15:17:27] stage-6: LoginWindow constructed
[2025-10-14 15:17:27] stage-7: LoginWindow shown
[2025-10-14 15:17:27] stage-8: entering app.exec()
[2025-10-14 19:53:26] pre-0: entering main()
[2025-10-14 19:53:26] stage-1: QApplication constructed
[2025-10-14 19:53:26] stage-2: setQuitOnLastWindowClosed(false)
[2025-10-14 19:53:26] stage-3: app meta set
[2025-10-14 19:53:26] stage-4: logger initialized (or attempted)
[2025-10-14 19:53:26] stage-5: stylesheet loaded (if any)
[2025-10-14 19:53:26] stage-6: LoginWindow constructed
[2025-10-14 19:53:26] stage-7: LoginWindow shown
[2025-10-14 19:53:26] stage-8: entering app.exec()
[2025-10-14 19:54:56] pre-0: entering main()
[2025-10-14 19:54:56] stage-1: QApplication constructed
[2025-10-14 19:54:56] stage-2: setQuitOnLastWindowClosed(false)
[2025-10-14 19:54:56] stage-3: app meta set
[2025-10-14 19:54:56] stage-4: logger initialized (or attempted)
[2025-10-14 19:54:56] stage-5: stylesheet loaded (if any)
[2025-10-14 19:54:56] stage-6: LoginWindow constructed
[2025-10-14 19:54:56] stage-7: LoginWindow shown
[2025-10-14 19:54:56] stage-8: entering app.exec()
[2025-10-14 20:03:16] pre-0: entering main()
[2025-10-14 20:03:16] stage-1: QApplication constructed
[2025-10-14 20:03:16] stage-2: setQuitOnLastWindowClosed(false)
[2025-10-14 20:03:16] stage-3: app meta set
[2025-10-14 20:03:16] stage-4: logger initialized (or attempted)
[2025-10-14 20:03:16] stage-5: stylesheet loaded (if any)
[2025-10-14 20:03:16] stage-6: LoginWindow constructed
[2025-10-14 20:03:16] stage-7: LoginWindow shown
[2025-10-14 20:03:16] stage-8: entering app.exec()
[2025-10-14 21:32:29] pre-0: entering main()
[2025-10-14 21:32:29] stage-1: QApplication constructed
[2025-10-14 21:32:29] stage-2: setQuitOnLastWindowClosed(false)
[2025-10-14 21:32:29] stage-3: app meta set
[2025-10-14 21:32:29] stage-4: logger initialized (or attempted)
[2025-10-14 21:32:29] stage-5: stylesheet loaded (if any)
[2025-10-14 21:32:29] stage-6: LoginWindow constructed
[2025-10-14 21:32:30] stage-7: LoginWindow shown
[2025-10-14 21:32:30] stage-8: entering app.exec()
[2025-10-14 21:43:56] pre-0: entering main()
[2025-10-14 21:43:56] stage-1: QApplication constructed
[2025-10-14 21:43:56] stage-2: setQuitOnLastWindowClosed(false)
[2025-10-14 21:43:56] stage-3: app meta set
[2025-10-14 21:43:56] stage-4: logger initialized (or attempted)
[2025-10-14 21:43:56] stage-5: stylesheet loaded (if any)
[2025-10-14 21:43:56] stage-6: LoginWindow constructed
[2025-10-14 21:43:57] stage-7: LoginWindow shown
[2025-10-14 21:43:57] stage-8: entering app.exec()
[2025-10-14 22:04:53] pre-0: entering main()
[2025-10-14 22:04:53] stage-1: QApplication constructed
[2025-10-14 22:04:53] stage-2: setQuitOnLastWindowClosed(false)
[2025-10-14 22:04:53] stage-3: app meta set
[2025-10-14 22:04:53] stage-4: logger initialized (or attempted)
[2025-10-14 22:04:53] stage-5: stylesheet loaded (if any)
[2025-10-14 22:04:53] stage-6: LoginWindow constructed
[2025-10-14 22:04:54] stage-7: LoginWindow shown
[2025-10-14 22:04:54] stage-8: entering app.exec()
[2025-10-14 22:08:47] pre-0: entering main()
[2025-10-14 22:08:47] stage-1: QApplication constructed
[2025-10-14 22:08:47] stage-2: setQuitOnLastWindowClosed(false)
[2025-10-14 22:08:47] stage-3: app meta set
[2025-10-14 22:08:47] stage-4: logger initialized (or attempted)
[2025-10-14 22:08:47] stage-5: stylesheet loaded (if any)
[2025-10-14 22:08:47] stage-6: LoginWindow constructed
[2025-10-14 22:08:48] stage-7: LoginWindow shown
[2025-10-14 22:08:48] stage-8: entering app.exec()
[2025-10-14 22:09:27] pre-0: entering main()
[2025-10-14 22:09:27] stage-1: QApplication constructed
[2025-10-14 22:09:27] stage-2: setQuitOnLastWindowClosed(false)
[2025-10-14 22:09:27] stage-3: app meta set
[2025-10-14 22:09:27] stage-4: logger initialized (or attempted)
[2025-10-14 22:09:27] stage-5: stylesheet loaded (if any)
[2025-10-14 22:09:27] stage-6: LoginWindow constructed
[2025-10-14 22:09:28] stage-7: LoginWindow shown
[2025-10-14 22:09:28] stage-8: entering app.exec()
[2025-10-14 22:10:27] pre-0: entering main()
[2025-10-14 22:10:27] stage-1: QApplication constructed
[2025-10-14 22:10:27] stage-2: setQuitOnLastWindowClosed(false)
[2025-10-14 22:10:27] stage-3: app meta set
[2025-10-14 22:10:27] stage-4: logger initialized (or attempted)
[2025-10-14 22:10:27] stage-5: stylesheet loaded (if any)
[2025-10-14 22:10:27] stage-6: LoginWindow constructed
[2025-10-14 22:10:28] stage-7: LoginWindow shown
[2025-10-14 22:10:28] stage-8: entering app.exec()
[2025-10-14 22:10:42] pre-0: entering main()
[2025-10-14 22:10:42] stage-1: QApplication constructed
[2025-10-14 22:10:42] stage-2: setQuitOnLastWindowClosed(false)
[2025-10-14 22:10:42] stage-3: app meta set
[2025-10-14 22:10:42] stage-4: logger initialized (or attempted)
[2025-10-14 22:10:42] stage-5: stylesheet loaded (if any)
[2025-10-14 22:10:42] stage-6: LoginWindow constructed
[2025-10-14 22:10:42] stage-7: LoginWindow shown
[2025-10-14 22:10:42] stage-8: entering app.exec()
[2025-10-14 22:10:59] pre-0: entering main()
[2025-10-14 22:10:59] stage-1: QApplication constructed
[2025-10-14 22:10:59] stage-2: setQuitOnLastWindowClosed(false)
[2025-10-14 22:10:59] stage-3: app meta set
[2025-10-14 22:10:59] stage-4: logger initialized (or attempted)
[2025-10-14 22:10:59] stage-5: stylesheet loaded (if any)
[2025-10-14 22:10:59] stage-6: LoginWindow constructed
[2025-10-14 22:10:59] stage-7: LoginWindow shown
[2025-10-14 22:10:59] stage-8: entering app.exec()
[2025-10-14 22:30:58] pre-0: entering main()
[2025-10-14 22:30:58] stage-1: QApplication constructed
[2025-10-14 22:30:58] stage-2: setQuitOnLastWindowClosed(false)
[2025-10-14 22:30:58] stage-3: app meta set
[2025-10-14 22:30:58] stage-4: logger initialized (or attempted)
[2025-10-14 22:30:58] stage-5: stylesheet loaded (if any)
[2025-10-14 22:30:58] stage-6: LoginWindow constructed
[2025-10-14 22:30:58] stage-7: LoginWindow shown
[2025-10-14 22:30:58] stage-8: entering app.exec()
[2025-10-14 22:42:11] pre-0: entering main()
[2025-10-14 22:42:11] stage-1: QApplication constructed
[2025-10-14 22:42:11] stage-2: setQuitOnLastWindowClosed(false)
[2025-10-14 22:42:11] stage-3: app meta set
[2025-10-14 22:42:11] stage-4: logger initialized (or attempted)
[2025-10-14 22:42:11] stage-5: stylesheet loaded (if any)
[2025-10-14 22:42:11] stage-6: LoginWindow constructed
[2025-10-14 22:42:12] stage-7: LoginWindow shown
[2025-10-14 22:42:12] stage-8: entering app.exec()
[2025-10-14 22:48:32] pre-0: entering main()
[2025-10-14 22:48:32] stage-1: QApplication constructed
[2025-10-14 22:48:32] stage-2: setQuitOnLastWindowClosed(false)
[2025-10-14 22:48:32] stage-3: app meta set
[2025-10-14 22:48:32] stage-4: logger initialized (or attempted)
[2025-10-14 22:48:32] stage-5: stylesheet loaded (if any)
[2025-10-14 22:48:32] stage-6: LoginWindow constructed
[2025-10-14 22:48:32] stage-7: LoginWindow shown
[2025-10-14 22:48:32] stage-8: entering app.exec()
[2025-10-14 23:01:16] pre-0: entering main()
[2025-10-14 23:01:16] stage-1: QApplication constructed
[2025-10-14 23:01:16] stage-2: setQuitOnLastWindowClosed(false)
[2025-10-14 23:01:16] stage-3: app meta set
[2025-10-14 23:01:16] stage-4: logger initialized (or attempted)
[2025-10-14 23:01:16] stage-5: stylesheet loaded (if any)
[2025-10-14 23:01:16] stage-6: LoginWindow constructed
[2025-10-14 23:01:16] stage-7: LoginWindow shown
[2025-10-14 23:01:16] stage-8: entering app.exec()
[2025-10-14 23:23:16] pre-0: entering main()
[2025-10-14 23:23:16] stage-1: QApplication constructed
[2025-10-14 23:23:16] stage-2: setQuitOnLastWindowClosed(false)
[2025-10-14 23:23:16] stage-3: app meta set
[2025-10-14 23:23:16] stage-4: logger initialized (or attempted)
[2025-10-14 23:23:16] stage-5: stylesheet loaded (if any)
[2025-10-14 23:23:16] stage-6: LoginWindow constructed
[2025-10-14 23:23:16] stage-7: LoginWindow shown
[2025-10-14 23:23:16] stage-8: entering app.exec()
[2025-10-15 12:38:58] pre-0: entering main()
[2025-10-15 12:38:58] stage-1: QApplication constructed
[2025-10-15 12:38:58] stage-2: setQuitOnLastWindowClosed(false)
[2025-10-15 12:38:58] stage-3: app meta set
[2025-10-15 12:38:58] stage-4: logger initialized (or attempted)
[2025-10-15 12:38:58] stage-5: stylesheet loaded (if any)
[2025-10-15 12:38:58] stage-6: LoginWindow constructed
[2025-10-15 12:38:59] stage-7: LoginWindow shown
[2025-10-15 12:38:59] stage-8: entering app.exec()
[2025-10-15 14:13:15] pre-0: entering main()
[2025-10-15 14:13:15] stage-1: QApplication constructed
[2025-10-15 14:13:15] stage-2: setQuitOnLastWindowClosed(false)
[2025-10-15 14:13:15] stage-3: app meta set
[2025-10-15 14:13:15] stage-4: logger initialized (or attempted)
[2025-10-15 14:13:15] stage-5: stylesheet loaded (if any)
[2025-10-15 14:13:15] stage-6: LoginWindow constructed
[2025-10-15 14:13:15] stage-7: LoginWindow shown
[2025-10-15 14:13:15] stage-8: entering app.exec()
[2025-10-15 14:15:53] pre-0: entering main()
[2025-10-15 14:15:53] stage-1: QApplication constructed
[2025-10-15 14:15:53] stage-2: setQuitOnLastWindowClosed(false)
[2025-10-15 14:15:53] stage-3: app meta set
[2025-10-15 14:15:53] stage-4: logger initialized (or attempted)
[2025-10-15 14:15:53] stage-5: stylesheet loaded (if any)
[2025-10-15 14:15:53] stage-6: LoginWindow constructed
[2025-10-15 14:15:53] stage-7: LoginWindow shown
[2025-10-15 14:15:53] stage-8: entering app.exec()
[2025-10-15 14:21:37] pre-0: entering main()
[2025-10-15 14:21:37] stage-1: QApplication constructed
[2025-10-15 14:21:37] stage-2: setQuitOnLastWindowClosed(false)
[2025-10-15 14:21:37] stage-3: app meta set
[2025-10-15 14:21:37] stage-4: logger initialized (or attempted)
[2025-10-15 14:21:37] stage-5: stylesheet loaded (if any)
[2025-10-15 14:21:37] stage-6: LoginWindow constructed
[2025-10-15 14:21:38] stage-7: LoginWindow shown
[2025-10-15 14:21:38] stage-8: entering app.exec()
[2025-10-15 14:27:28] pre-0: entering main()
[2025-10-15 14:27:28] stage-1: QApplication constructed
[2025-10-15 14:27:28] stage-2: setQuitOnLastWindowClosed(false)
[2025-10-15 14:27:28] stage-3: app meta set
[2025-10-15 14:27:28] stage-4: logger initialized (or attempted)
[2025-10-15 14:27:28] stage-5: stylesheet loaded (if any)
[2025-10-15 14:27:28] stage-6: LoginWindow constructed
[2025-10-15 14:27:28] stage-7: LoginWindow shown
[2025-10-15 14:27:28] stage-8: entering app.exec()
[2025-10-15 14:35:34] pre-0: entering main()
[2025-10-15 14:35:34] stage-1: QApplication constructed
[2025-10-15 14:35:34] stage-2: setQuitOnLastWindowClosed(false)
[2025-10-15 14:35:34] stage-3: app meta set
[2025-10-15 14:35:34] stage-4: logger initialized (or attempted)
[2025-10-15 14:35:34] stage-5: stylesheet loaded (if any)
[2025-10-15 14:35:34] stage-6: LoginWindow constructed
[2025-10-15 14:35:34] stage-7: LoginWindow shown
[2025-10-15 14:35:34] stage-8: entering app.exec()
[2025-10-15 14:36:19] pre-0: entering main()
[2025-10-15 14:36:19] stage-1: QApplication constructed
[2025-10-15 14:36:19] stage-2: setQuitOnLastWindowClosed(false)
[2025-10-15 14:36:19] stage-3: app meta set
[2025-10-15 14:36:19] stage-4: logger initialized (or attempted)
[2025-10-15 14:36:19] stage-5: stylesheet loaded (if any)
[2025-10-15 14:36:19] stage-6: LoginWindow constructed
[2025-10-15 14:36:19] stage-7: LoginWindow shown
[2025-10-15 14:36:19] stage-8: entering app.exec()
[2025-10-15 14:39:47] pre-0: entering main()
[2025-10-15 14:39:47] stage-1: QApplication constructed
[2025-10-15 14:39:47] stage-2: setQuitOnLastWindowClosed(false)
[2025-10-15 14:39:47] stage-3: app meta set
[2025-10-15 14:39:47] stage-4: logger initialized (or attempted)
[2025-10-15 14:39:47] stage-5: stylesheet loaded (if any)
[2025-10-15 14:39:47] stage-6: LoginWindow constructed
[2025-10-15 14:39:48] stage-7: LoginWindow shown
[2025-10-15 14:39:48] stage-8: entering app.exec()
[2025-10-15 14:43:45] pre-0: entering main()
[2025-10-15 14:43:45] stage-1: QApplication constructed
[2025-10-15 14:43:45] stage-2: setQuitOnLastWindowClosed(false)
[2025-10-15 14:43:45] stage-3: app meta set
[2025-10-15 14:43:45] stage-4: logger initialized (or attempted)
[2025-10-15 14:43:45] stage-5: stylesheet loaded (if any)
[2025-10-15 14:43:45] stage-6: LoginWindow constructed
[2025-10-15 14:43:46] stage-7: LoginWindow shown
[2025-10-15 14:43:46] stage-8: entering app.exec()
[2025-10-15 14:52:25] pre-0: entering main()
[2025-10-15 14:52:25] stage-1: QApplication constructed
[2025-10-15 14:52:25] stage-2: setQuitOnLastWindowClosed(false)
[2025-10-15 14:52:25] stage-3: app meta set
[2025-10-15 14:52:25] stage-4: logger initialized (or attempted)
[2025-10-15 14:52:25] stage-5: stylesheet loaded (if any)
[2025-10-15 14:52:25] stage-6: LoginWindow constructed
[2025-10-15 14:52:26] stage-7: LoginWindow shown
[2025-10-15 14:52:26] stage-8: entering app.exec()
[2025-10-15 14:59:01] pre-0: entering main()
[2025-10-15 14:59:02] stage-1: QApplication constructed
[2025-10-15 14:59:02] stage-2: setQuitOnLastWindowClosed(false)
[2025-10-15 14:59:02] stage-3: app meta set
[2025-10-15 14:59:02] stage-4: logger initialized (or attempted)
[2025-10-15 14:59:02] stage-5: stylesheet loaded (if any)
[2025-10-15 14:59:02] stage-6: LoginWindow constructed
[2025-10-15 14:59:02] stage-7: LoginWindow shown
[2025-10-15 14:59:02] stage-8: entering app.exec()
[2025-10-15 15:22:53] pre-0: entering main()
[2025-10-15 15:22:53] stage-1: QApplication constructed
[2025-10-15 15:22:53] stage-2: setQuitOnLastWindowClosed(false)
[2025-10-15 15:22:53] stage-3: app meta set
[2025-10-15 15:22:53] stage-4: logger initialized (or attempted)
[2025-10-15 15:22:53] stage-5: stylesheet loaded (if any)
[2025-10-15 15:22:53] stage-6: LoginWindow constructed
[2025-10-15 15:22:53] stage-7: LoginWindow shown
[2025-10-15 15:22:53] stage-8: entering app.exec()
[2025-10-15 15:22:55] pre-0: entering main()
[2025-10-15 15:22:55] stage-1: QApplication constructed
[2025-10-15 15:22:55] stage-2: setQuitOnLastWindowClosed(false)
[2025-10-15 15:22:55] stage-3: app meta set
[2025-10-15 15:22:55] stage-4: logger initialized (or attempted)
[2025-10-15 15:22:55] stage-5: stylesheet loaded (if any)
[2025-10-15 15:22:55] stage-6: LoginWindow constructed
[2025-10-15 15:22:56] stage-7: LoginWindow shown
[2025-10-15 15:22:56] stage-8: entering app.exec()
[2025-10-15 15:24:35] pre-0: entering main()
[2025-10-15 15:24:35] stage-1: QApplication constructed
[2025-10-15 15:24:35] stage-2: setQuitOnLastWindowClosed(false)
[2025-10-15 15:24:35] stage-3: app meta set
[2025-10-15 15:24:35] stage-4: logger initialized (or attempted)
[2025-10-15 15:24:35] stage-5: stylesheet loaded (if any)
[2025-10-15 15:24:35] stage-6: LoginWindow constructed
[2025-10-15 15:24:36] stage-7: LoginWindow shown
[2025-10-15 15:24:36] stage-8: entering app.exec()
[2025-10-15 15:33:29] pre-0: entering main()
[2025-10-15 15:33:29] stage-1: QApplication constructed
[2025-10-15 15:33:29] stage-2: setQuitOnLastWindowClosed(false)
[2025-10-15 15:33:29] stage-3: app meta set
[2025-10-15 15:33:29] stage-4: logger initialized (or attempted)
[2025-10-15 15:33:29] stage-5: stylesheet loaded (if any)
[2025-10-15 15:33:29] stage-6: LoginWindow constructed
[2025-10-15 15:33:30] stage-7: LoginWindow shown
[2025-10-15 15:33:30] stage-8: entering app.exec()
[2025-10-15 15:58:34] pre-0: entering main()
[2025-10-15 15:58:34] stage-1: QApplication constructed
[2025-10-15 15:58:34] stage-2: setQuitOnLastWindowClosed(false)
[2025-10-15 15:58:34] stage-3: app meta set
[2025-10-15 15:58:34] stage-4: logger initialized (or attempted)
[2025-10-15 15:58:34] stage-5: stylesheet loaded (if any)
[2025-10-15 15:58:34] stage-6: LoginWindow constructed
[2025-10-15 15:58:35] stage-7: LoginWindow shown
[2025-10-15 15:58:35] stage-8: entering app.exec()
[2025-10-15 17:41:49] pre-0: entering main()
[2025-10-15 17:41:49] stage-1: QApplication constructed
[2025-10-15 17:41:49] stage-2: setQuitOnLastWindowClosed(false)
[2025-10-15 17:41:49] stage-3: app meta set
[2025-10-15 17:41:49] stage-4: logger initialized (or attempted)
[2025-10-15 17:41:49] stage-5: stylesheet loaded (if any)
[2025-10-15 17:41:49] stage-6: LoginWindow constructed
[2025-10-15 17:41:50] stage-7: LoginWindow shown
[2025-10-15 17:41:50] stage-8: entering app.exec()
[2025-10-15 17:46:49] pre-0: entering main()
[2025-10-15 17:46:49] stage-1: QApplication constructed
[2025-10-15 17:46:49] stage-2: setQuitOnLastWindowClosed(false)
[2025-10-15 17:46:49] stage-3: app meta set
[2025-10-15 17:46:49] stage-4: logger initialized (or attempted)
[2025-10-15 17:46:49] stage-5: stylesheet loaded (if any)
[2025-10-15 17:46:49] stage-6: LoginWindow constructed
[2025-10-15 17:46:49] stage-7: LoginWindow shown
[2025-10-15 17:46:49] stage-8: entering app.exec()
[2025-10-15 17:47:48] pre-0: entering main()
[2025-10-15 17:47:48] stage-1: QApplication constructed
[2025-10-15 17:47:48] stage-2: setQuitOnLastWindowClosed(false)
[2025-10-15 17:47:48] stage-3: app meta set
[2025-10-15 17:47:48] stage-4: logger initialized (or attempted)
[2025-10-15 17:47:48] stage-5: stylesheet loaded (if any)
[2025-10-15 17:47:48] stage-6: LoginWindow constructed
[2025-10-15 17:47:48] stage-7: LoginWindow shown
[2025-10-15 17:47:48] stage-8: entering app.exec()
[2025-10-15 18:42:00] pre-0: entering main()
[2025-10-15 18:42:00] stage-1: QApplication constructed
[2025-10-15 18:42:00] stage-2: setQuitOnLastWindowClosed(false)
[2025-10-15 18:42:00] stage-3: app meta set
[2025-10-15 18:42:00] stage-4: logger initialized (or attempted)
[2025-10-15 18:42:00] stage-5: stylesheet loaded (if any)
[2025-10-15 18:42:00] stage-6: LoginWindow constructed
[2025-10-15 18:42:00] stage-7: LoginWindow shown
[2025-10-15 18:42:00] stage-8: entering app.exec()
[2025-10-15 18:44:14] pre-0: entering main()
[2025-10-15 18:44:14] stage-1: QApplication constructed
[2025-10-15 18:44:14] stage-2: setQuitOnLastWindowClosed(false)
[2025-10-15 18:44:14] stage-3: app meta set
[2025-10-15 18:44:14] stage-4: logger initialized (or attempted)
[2025-10-15 18:44:14] stage-5: stylesheet loaded (if any)
[2025-10-15 18:44:14] stage-6: LoginWindow constructed
[2025-10-15 18:44:15] stage-7: LoginWindow shown
[2025-10-15 18:44:15] stage-8: entering app.exec()
[2025-10-15 19:02:01] pre-0: entering main()
[2025-10-15 19:02:01] stage-1: QApplication constructed
[2025-10-15 19:02:01] stage-2: setQuitOnLastWindowClosed(false)
[2025-10-15 19:02:01] stage-3: app meta set
[2025-10-15 19:02:01] stage-4: logger initialized (or attempted)
[2025-10-15 19:02:01] stage-5: stylesheet loaded (if any)
[2025-10-15 19:02:01] stage-6: LoginWindow constructed
[2025-10-15 19:02:01] stage-7: LoginWindow shown
[2025-10-15 19:02:01] stage-8: entering app.exec()
[2025-10-15 19:03:15] pre-0: entering main()
[2025-10-15 19:03:15] stage-1: QApplication constructed
[2025-10-15 19:03:15] stage-2: setQuitOnLastWindowClosed(false)
[2025-10-15 19:03:15] stage-3: app meta set
[2025-10-15 19:03:15] stage-4: logger initialized (or attempted)
[2025-10-15 19:03:15] stage-5: stylesheet loaded (if any)
[2025-10-15 19:03:15] stage-6: LoginWindow constructed
[2025-10-15 19:03:16] stage-7: LoginWindow shown
[2025-10-15 19:03:16] stage-8: entering app.exec()
[2025-10-15 19:26:51] pre-0: entering main()
[2025-10-15 19:26:51] stage-1: QApplication constructed
[2025-10-15 19:26:51] stage-2: setQuitOnLastWindowClosed(false)
[2025-10-15 19:26:51] stage-3: app meta set
[2025-10-15 19:26:51] stage-4: logger initialized (or attempted)
[2025-10-15 19:26:51] stage-5: stylesheet loaded (if any)
[2025-10-15 19:26:51] stage-6: LoginWindow constructed
[2025-10-15 19:26:51] stage-7: LoginWindow shown
[2025-10-15 19:26:51] stage-8: entering app.exec()
[2025-10-15 19:38:54] pre-0: entering main()
[2025-10-15 19:38:54] stage-1: QApplication constructed
[2025-10-15 19:38:54] stage-2: setQuitOnLastWindowClosed(false)
[2025-10-15 19:38:54] stage-3: app meta set
[2025-10-15 19:38:54] stage-4: logger initialized (or attempted)
[2025-10-15 19:38:54] stage-5: stylesheet loaded (if any)
[2025-10-15 19:38:54] stage-6: LoginWindow constructed
[2025-10-15 19:38:54] stage-7: LoginWindow shown
[2025-10-15 19:38:54] stage-8: entering app.exec()
[2025-10-15 19:51:44] pre-0: entering main()
[2025-10-15 19:51:45] stage-1: QApplication constructed
[2025-10-15 19:51:45] stage-2: setQuitOnLastWindowClosed(false)
[2025-10-15 19:51:45] stage-3: app meta set
[2025-10-15 19:51:45] stage-4: logger initialized (or attempted)
[2025-10-15 19:51:45] stage-5: stylesheet loaded (if any)
[2025-10-15 19:51:45] stage-6: LoginWindow constructed
[2025-10-15 19:51:45] stage-7: LoginWindow shown
[2025-10-15 19:51:45] stage-8: entering app.exec()
[2025-10-15 19:52:11] pre-0: entering main()
[2025-10-15 19:52:12] stage-1: QApplication constructed
[2025-10-15 19:52:12] stage-2: setQuitOnLastWindowClosed(false)
[2025-10-15 19:52:12] stage-3: app meta set
[2025-10-15 19:52:12] stage-4: logger initialized (or attempted)
[2025-10-15 19:52:12] stage-5: stylesheet loaded (if any)
[2025-10-15 19:52:12] stage-6: LoginWindow constructed
[2025-10-15 19:52:12] stage-7: LoginWindow shown
[2025-10-15 19:52:12] stage-8: entering app.exec()
[2025-10-15 19:53:33] pre-0: entering main()
[2025-10-15 19:53:33] stage-1: QApplication constructed
[2025-10-15 19:53:33] stage-2: setQuitOnLastWindowClosed(false)
[2025-10-15 19:53:33] stage-3: app meta set
[2025-10-15 19:53:33] stage-4: logger initialized (or attempted)
[2025-10-15 19:53:33] stage-5: stylesheet loaded (if any)
[2025-10-15 19:53:33] stage-6: LoginWindow constructed
[2025-10-15 19:53:33] stage-7: LoginWindow shown
[2025-10-15 19:53:33] stage-8: entering app.exec()
[2025-10-15 19:58:30] pre-0: entering main()
[2025-10-15 19:58:30] stage-1: QApplication constructed
[2025-10-15 19:58:30] stage-2: setQuitOnLastWindowClosed(false)
[2025-10-15 19:58:30] stage-3: app meta set
[2025-10-15 19:58:30] stage-4: logger initialized (or attempted)
[2025-10-15 19:58:30] stage-5: stylesheet loaded (if any)
[2025-10-15 19:58:30] stage-6: LoginWindow constructed
[2025-10-15 19:58:31] stage-7: LoginWindow shown
[2025-10-15 19:58:31] stage-8: entering app.exec()
[2025-10-15 20:06:35] pre-0: entering main()
[2025-10-15 20:06:35] stage-1: QApplication constructed
[2025-10-15 20:06:35] stage-2: setQuitOnLastWindowClosed(false)
[2025-10-15 20:06:35] stage-3: app meta set
[2025-10-15 20:06:35] stage-4: logger initialized (or attempted)
[2025-10-15 20:06:35] stage-5: stylesheet loaded (if any)
[2025-10-15 20:06:35] stage-6: LoginWindow constructed
[2025-10-15 20:06:35] stage-7: LoginWindow shown
[2025-10-15 20:06:35] stage-8: entering app.exec()
[2025-10-15 20:14:58] pre-0: entering main()
[2025-10-15 20:14:58] stage-1: QApplication constructed
[2025-10-15 20:14:58] stage-2: setQuitOnLastWindowClosed(false)
[2025-10-15 20:14:58] stage-3: app meta set
[2025-10-15 20:14:58] stage-4: logger initialized (or attempted)
[2025-10-15 20:14:58] stage-5: stylesheet loaded (if any)
[2025-10-15 20:14:58] stage-6: LoginWindow constructed
[2025-10-15 20:14:59] stage-7: LoginWindow shown
[2025-10-15 20:14:59] stage-8: entering app.exec()
[2025-10-15 20:20:04] pre-0: entering main()
[2025-10-15 20:20:04] stage-1: QApplication constructed
[2025-10-15 20:20:04] stage-2: setQuitOnLastWindowClosed(false)
[2025-10-15 20:20:04] stage-3: app meta set
[2025-10-15 20:20:04] stage-4: logger initialized (or attempted)
[2025-10-15 20:20:04] stage-5: stylesheet loaded (if any)
[2025-10-15 20:20:04] stage-6: LoginWindow constructed
[2025-10-15 20:20:05] stage-7: LoginWindow shown
[2025-10-15 20:20:05] stage-8: entering app.exec()
[2025-10-15 20:27:23] pre-0: entering main()
[2025-10-15 20:27:23] stage-1: QApplication constructed
[2025-10-15 20:27:23] stage-2: setQuitOnLastWindowClosed(false)
[2025-10-15 20:27:23] stage-3: app meta set
[2025-10-15 20:27:23] stage-4: logger initialized (or attempted)
[2025-10-15 20:27:23] stage-5: stylesheet loaded (if any)
[2025-10-15 20:27:23] stage-6: LoginWindow constructed
[2025-10-15 20:27:24] stage-7: LoginWindow shown
[2025-10-15 20:27:24] stage-8: entering app.exec()
[2025-10-15 20:32:32] pre-0: entering main()
[2025-10-15 20:32:32] stage-1: QApplication constructed
[2025-10-15 20:32:32] stage-2: setQuitOnLastWindowClosed(false)
[2025-10-15 20:32:32] stage-3: app meta set
[2025-10-15 20:32:32] stage-4: logger initialized (or attempted)
[2025-10-15 20:32:32] stage-5: stylesheet loaded (if any)
[2025-10-15 20:32:32] stage-6: LoginWindow constructed
[2025-10-15 20:32:33] stage-7: LoginWindow shown
[2025-10-15 20:32:33] stage-8: entering app.exec()
[2025-10-15 20:40:25] pre-0: entering main()
[2025-10-15 20:40:25] stage-1: QApplication constructed
[2025-10-15 20:40:25] stage-2: setQuitOnLastWindowClosed(false)
[2025-10-15 20:40:25] stage-3: app meta set
[2025-10-15 20:40:25] stage-4: logger initialized (or attempted)
[2025-10-15 20:40:25] stage-5: stylesheet loaded (if any)
[2025-10-15 20:40:25] stage-6: LoginWindow constructed
[2025-10-15 20:40:26] stage-7: LoginWindow shown
[2025-10-15 20:40:26] stage-8: entering app.exec()
[2025-10-15 20:52:22] pre-0: entering main()
[2025-10-15 20:52:22] stage-1: QApplication constructed
[2025-10-15 20:52:22] stage-2: setQuitOnLastWindowClosed(false)
[2025-10-15 20:52:22] stage-3: app meta set
[2025-10-15 20:52:22] stage-4: logger initialized (or attempted)
[2025-10-15 20:52:22] stage-5: stylesheet loaded (if any)
[2025-10-15 20:52:23] stage-6: LoginWindow constructed
[2025-10-15 20:52:24] stage-7: LoginWindow shown
[2025-10-15 20:52:24] stage-8: entering app.exec()
[2025-10-15 20:53:15] pre-0: entering main()
[2025-10-15 20:53:15] stage-1: QApplication constructed
[2025-10-15 20:53:15] stage-2: setQuitOnLastWindowClosed(false)
[2025-10-15 20:53:15] stage-3: app meta set
[2025-10-15 20:53:15] stage-4: logger initialized (or attempted)
[2025-10-15 20:53:15] stage-5: stylesheet loaded (if any)
[2025-10-15 20:53:15] stage-6: LoginWindow constructed
[2025-10-15 20:53:16] stage-7: LoginWindow shown
[2025-10-15 20:53:16] stage-8: entering app.exec()
[2025-10-15 21:03:06] pre-0: entering main()
[2025-10-15 21:03:06] stage-1: QApplication constructed
[2025-10-15 21:03:06] stage-2: setQuitOnLastWindowClosed(false)
[2025-10-15 21:03:06] stage-3: app meta set
[2025-10-15 21:03:06] stage-4: logger initialized (or attempted)
[2025-10-15 21:03:06] stage-5: stylesheet loaded (if any)
[2025-10-15 21:03:06] stage-6: LoginWindow constructed
[2025-10-15 21:03:06] stage-7: LoginWindow shown
[2025-10-15 21:03:06] stage-8: entering app.exec()
[2025-10-15 21:11:10] pre-0: entering main()
[2025-10-15 21:11:10] stage-1: QApplication constructed
[2025-10-15 21:11:10] stage-2: setQuitOnLastWindowClosed(false)
[2025-10-15 21:11:10] stage-3: app meta set
[2025-10-15 21:11:10] stage-4: logger initialized (or attempted)
[2025-10-15 21:11:10] stage-5: stylesheet loaded (if any)
[2025-10-15 21:11:10] stage-6: LoginWindow constructed
[2025-10-15 21:11:11] stage-7: LoginWindow shown
[2025-10-15 21:11:11] stage-8: entering app.exec()
[2025-10-15 21:24:28] pre-0: entering main()
[2025-10-15 21:24:28] stage-1: QApplication constructed
[2025-10-15 21:24:28] stage-2: setQuitOnLastWindowClosed(false)
[2025-10-15 21:24:28] stage-3: app meta set
[2025-10-15 21:24:28] stage-4: logger initialized (or attempted)
[2025-10-15 21:24:28] stage-5: stylesheet loaded (if any)
[2025-10-15 21:24:28] stage-6: LoginWindow constructed
[2025-10-15 21:24:28] stage-7: LoginWindow shown
[2025-10-15 21:24:28] stage-8: entering app.exec()
[2025-10-15 21:38:43] pre-0: entering main()
[2025-10-15 21:38:43] stage-1: QApplication constructed
[2025-10-15 21:38:43] stage-2: setQuitOnLastWindowClosed(false)
[2025-10-15 21:38:43] stage-3: app meta set
[2025-10-15 21:38:43] stage-4: logger initialized (or attempted)
[2025-10-15 21:38:43] stage-5: stylesheet loaded (if any)
[2025-10-15 21:38:43] stage-6: LoginWindow constructed
[2025-10-15 21:38:44] stage-7: LoginWindow shown
[2025-10-15 21:38:44] stage-8: entering app.exec()
[2025-10-15 21:54:03] pre-0: entering main()
[2025-10-15 21:54:03] stage-1: QApplication constructed
[2025-10-15 21:54:03] stage-2: setQuitOnLastWindowClosed(false)
[2025-10-15 21:54:03] stage-3: app meta set
[2025-10-15 21:54:03] stage-4: logger initialized (or attempted)
[2025-10-15 21:54:03] stage-5: stylesheet loaded (if any)
[2025-10-15 21:54:03] stage-6: LoginWindow constructed
[2025-10-15 21:54:04] stage-7: LoginWindow shown
[2025-10-15 21:54:04] stage-8: entering app.exec()
[2025-10-15 22:00:55] pre-0: entering main()
[2025-10-15 22:00:55] stage-1: QApplication constructed
[2025-10-15 22:00:55] stage-2: setQuitOnLastWindowClosed(false)
[2025-10-15 22:00:55] stage-3: app meta set
[2025-10-15 22:00:55] stage-4: logger initialized (or attempted)
[2025-10-15 22:00:55] stage-5: stylesheet loaded (if any)
[2025-10-15 22:00:55] stage-6: LoginWindow constructed
[2025-10-15 22:00:55] stage-7: LoginWindow shown
[2025-10-15 22:00:55] stage-8: entering app.exec()
[2025-10-15 22:13:33] pre-0: entering main()
[2025-10-15 22:13:33] stage-1: QApplication constructed
[2025-10-15 22:13:33] stage-2: setQuitOnLastWindowClosed(false)
[2025-10-15 22:13:33] stage-3: app meta set
[2025-10-15 22:13:33] stage-4: logger initialized (or attempted)
[2025-10-15 22:13:33] stage-5: stylesheet loaded (if any)
[2025-10-15 22:13:33] stage-6: LoginWindow constructed
[2025-10-15 22:13:33] stage-7: LoginWindow shown
[2025-10-15 22:13:33] stage-8: entering app.exec()
[2025-10-15 22:14:32] pre-0: entering main()
[2025-10-15 22:14:32] stage-1: QApplication constructed
[2025-10-15 22:14:32] stage-2: setQuitOnLastWindowClosed(false)
[2025-10-15 22:14:32] stage-3: app meta set
[2025-10-15 22:14:32] stage-4: logger initialized (or attempted)
[2025-10-15 22:14:32] stage-5: stylesheet loaded (if any)
[2025-10-15 22:14:32] stage-6: LoginWindow constructed
[2025-10-15 22:14:32] stage-7: LoginWindow shown
[2025-10-15 22:14:32] stage-8: entering app.exec()
[2025-10-15 22:22:07] pre-0: entering main()
[2025-10-15 22:22:07] stage-1: QApplication constructed
[2025-10-15 22:22:07] stage-2: setQuitOnLastWindowClosed(false)
[2025-10-15 22:22:07] stage-3: app meta set
[2025-10-15 22:22:07] stage-4: logger initialized (or attempted)
[2025-10-15 22:22:07] stage-5: stylesheet loaded (if any)
[2025-10-15 22:22:07] stage-6: LoginWindow constructed
[2025-10-15 22:22:07] stage-7: LoginWindow shown
[2025-10-15 22:22:07] stage-8: entering app.exec()
[2025-10-15 22:29:29] pre-0: entering main()
[2025-10-15 22:29:29] stage-1: QApplication constructed
[2025-10-15 22:29:29] stage-2: setQuitOnLastWindowClosed(false)
[2025-10-15 22:29:29] stage-3: app meta set
[2025-10-15 22:29:29] stage-4: logger initialized (or attempted)
[2025-10-15 22:29:29] stage-5: stylesheet loaded (if any)
[2025-10-15 22:29:29] stage-6: LoginWindow constructed
[2025-10-15 22:29:29] stage-7: LoginWindow shown
[2025-10-15 22:29:29] stage-8: entering app.exec()
[2025-10-15 22:41:55] pre-0: entering main()
[2025-10-15 22:41:55] stage-1: QApplication constructed
[2025-10-15 22:41:55] stage-2: setQuitOnLastWindowClosed(false)
[2025-10-15 22:41:55] stage-3: app meta set
[2025-10-15 22:41:55] stage-4: logger initialized (or attempted)
[2025-10-15 22:41:55] stage-5: stylesheet loaded (if any)
[2025-10-15 22:41:55] stage-6: LoginWindow constructed
[2025-10-15 22:41:56] stage-7: LoginWindow shown
[2025-10-15 22:41:56] stage-8: entering app.exec()
[2025-10-15 22:52:28] pre-0: entering main()
[2025-10-15 22:52:28] stage-1: QApplication constructed
[2025-10-15 22:52:28] stage-2: setQuitOnLastWindowClosed(false)
[2025-10-15 22:52:28] stage-3: app meta set
[2025-10-15 22:52:28] stage-4: logger initialized (or attempted)
[2025-10-15 22:52:28] stage-5: stylesheet loaded (if any)
[2025-10-15 22:52:28] stage-6: LoginWindow constructed
[2025-10-15 22:52:28] stage-7: LoginWindow shown
[2025-10-15 22:52:28] stage-8: entering app.exec()
[2025-10-15 23:02:42] pre-0: entering main()
[2025-10-15 23:02:42] stage-1: QApplication constructed
[2025-10-15 23:02:42] stage-2: setQuitOnLastWindowClosed(false)
[2025-10-15 23:02:42] stage-3: app meta set
[2025-10-15 23:02:42] stage-4: logger initialized (or attempted)
[2025-10-15 23:02:42] stage-5: stylesheet loaded (if any)
[2025-10-15 23:02:43] stage-6: LoginWindow constructed
[2025-10-15 23:02:43] stage-7: LoginWindow shown
[2025-10-15 23:02:43] stage-8: entering app.exec()
[2025-10-15 23:24:08] pre-0: entering main()
[2025-10-15 23:24:08] stage-1: QApplication constructed
[2025-10-15 23:24:08] stage-2: setQuitOnLastWindowClosed(false)
[2025-10-15 23:24:08] stage-3: app meta set
[2025-10-15 23:24:08] stage-4: logger initialized (or attempted)
[2025-10-15 23:24:08] stage-5: stylesheet loaded (if any)
[2025-10-15 23:24:08] stage-6: LoginWindow constructed
[2025-10-15 23:24:08] stage-7: LoginWindow shown
[2025-10-15 23:24:08] stage-8: entering app.exec()
[2025-10-15 23:25:09] pre-0: entering main()
[2025-10-15 23:25:09] stage-1: QApplication constructed
[2025-10-15 23:25:09] stage-2: setQuitOnLastWindowClosed(false)
[2025-10-15 23:25:09] stage-3: app meta set
[2025-10-15 23:25:09] stage-4: logger initialized (or attempted)
[2025-10-15 23:25:09] stage-5: stylesheet loaded (if any)
[2025-10-15 23:25:09] stage-6: LoginWindow constructed
[2025-10-15 23:25:10] stage-7: LoginWindow shown
[2025-10-15 23:25:10] stage-8: entering app.exec()
[2025-10-15 23:33:04] pre-0: entering main()
[2025-10-15 23:33:04] stage-1: QApplication constructed
[2025-10-15 23:33:04] stage-2: setQuitOnLastWindowClosed(false)
[2025-10-15 23:33:04] stage-3: app meta set
[2025-10-15 23:33:04] stage-4: logger initialized (or attempted)
[2025-10-15 23:33:04] stage-5: stylesheet loaded (if any)
[2025-10-15 23:33:04] stage-6: LoginWindow constructed
[2025-10-15 23:33:05] stage-7: LoginWindow shown
[2025-10-15 23:33:05] stage-8: entering app.exec()
[2025-10-15 23:53:04] pre-0: entering main()
[2025-10-15 23:53:04] stage-1: QApplication constructed
[2025-10-15 23:53:04] stage-2: setQuitOnLastWindowClosed(false)
[2025-10-15 23:53:04] stage-3: app meta set
[2025-10-15 23:53:04] stage-4: logger initialized (or attempted)
[2025-10-15 23:53:04] stage-5: stylesheet loaded (if any)
[2025-10-15 23:53:04] stage-6: LoginWindow constructed
[2025-10-15 23:53:04] stage-7: LoginWindow shown
[2025-10-15 23:53:04] stage-8: entering app.exec()
[2025-10-15 23:57:01] pre-0: entering main()
[2025-10-15 23:57:01] stage-1: QApplication constructed
[2025-10-15 23:57:01] stage-2: setQuitOnLastWindowClosed(false)
[2025-10-15 23:57:01] stage-3: app meta set
[2025-10-15 23:57:01] stage-4: logger initialized (or attempted)
[2025-10-15 23:57:01] stage-5: stylesheet loaded (if any)
[2025-10-15 23:57:01] stage-6: LoginWindow constructed
[2025-10-15 23:57:02] stage-7: LoginWindow shown
[2025-10-15 23:57:02] stage-8: entering app.exec()
[2025-10-16 00:14:04] pre-0: entering main()
[2025-10-16 00:14:04] stage-1: QApplication constructed
[2025-10-16 00:14:04] stage-2: setQuitOnLastWindowClosed(false)
[2025-10-16 00:14:04] stage-3: app meta set
[2025-10-16 00:14:04] stage-4: logger initialized (or attempted)
[2025-10-16 00:14:04] stage-5: stylesheet loaded (if any)
[2025-10-16 00:14:04] stage-6: LoginWindow constructed
[2025-10-16 00:14:05] stage-7: LoginWindow shown
[2025-10-16 00:14:05] stage-8: entering app.exec()
[2025-10-16 07:44:42] pre-0: entering main()
[2025-10-16 07:44:42] stage-1: QApplication constructed
[2025-10-16 07:44:42] stage-2: setQuitOnLastWindowClosed(false)
[2025-10-16 07:44:42] stage-3: app meta set
[2025-10-16 07:44:42] stage-4: logger initialized (or attempted)
[2025-10-16 07:44:42] stage-5: stylesheet loaded (if any)
[2025-10-16 07:44:42] stage-6: LoginWindow constructed
[2025-10-16 07:44:42] stage-7: LoginWindow shown
[2025-10-16 07:44:42] stage-8: entering app.exec()
[2025-10-16 08:03:01] pre-0: entering main()
[2025-10-16 08:03:01] stage-1: QApplication constructed
[2025-10-16 08:03:01] stage-2: setQuitOnLastWindowClosed(false)
[2025-10-16 08:03:01] stage-3: app meta set
[2025-10-16 08:03:01] stage-4: logger initialized (or attempted)
[2025-10-16 08:03:01] stage-5: stylesheet loaded (if any)
[2025-10-16 08:03:01] stage-6: LoginWindow constructed
[2025-10-16 08:03:01] stage-7: LoginWindow shown
[2025-10-16 08:03:01] stage-8: entering app.exec()
[2025-10-16 08:10:28] pre-0: entering main()
[2025-10-16 08:10:28] stage-1: QApplication constructed
[2025-10-16 08:10:28] stage-2: setQuitOnLastWindowClosed(false)
[2025-10-16 08:10:28] stage-3: app meta set
[2025-10-16 08:10:28] stage-4: logger initialized (or attempted)
[2025-10-16 08:10:28] stage-5: stylesheet loaded (if any)
[2025-10-16 08:10:28] stage-6: LoginWindow constructed
[2025-10-16 08:10:29] stage-7: LoginWindow shown
[2025-10-16 08:10:29] stage-8: entering app.exec()
[2025-10-16 08:13:34] pre-0: entering main()
[2025-10-16 08:13:34] stage-1: QApplication constructed
[2025-10-16 08:13:34] stage-2: setQuitOnLastWindowClosed(false)
[2025-10-16 08:13:34] stage-3: app meta set
[2025-10-16 08:13:34] stage-4: logger initialized (or attempted)
[2025-10-16 08:13:34] stage-5: stylesheet loaded (if any)
[2025-10-16 08:13:34] stage-6: LoginWindow constructed
[2025-10-16 08:13:34] stage-7: LoginWindow shown
[2025-10-16 08:13:34] stage-8: entering app.exec()
[2025-10-16 08:14:37] pre-0: entering main()
[2025-10-16 08:14:37] stage-1: QApplication constructed
[2025-10-16 08:14:37] stage-2: setQuitOnLastWindowClosed(false)
[2025-10-16 08:14:37] stage-3: app meta set
[2025-10-16 08:14:37] stage-4: logger initialized (or attempted)
[2025-10-16 08:14:37] stage-5: stylesheet loaded (if any)
[2025-10-16 08:14:37] stage-6: LoginWindow constructed
[2025-10-16 08:14:38] stage-7: LoginWindow shown
[2025-10-16 08:14:38] stage-8: entering app.exec()
[2025-10-16 08:16:16] pre-0: entering main()
[2025-10-16 08:16:16] stage-1: QApplication constructed
[2025-10-16 08:16:16] stage-2: setQuitOnLastWindowClosed(false)
[2025-10-16 08:16:16] stage-3: app meta set
[2025-10-16 08:16:16] stage-4: logger initialized (or attempted)
[2025-10-16 08:16:16] stage-5: stylesheet loaded (if any)
[2025-10-16 08:16:16] stage-6: LoginWindow constructed
[2025-10-16 08:16:16] stage-7: LoginWindow shown
[2025-10-16 08:16:16] stage-8: entering app.exec()
[2025-10-16 08:28:53] pre-0: entering main()
[2025-10-16 08:28:53] stage-1: QApplication constructed
[2025-10-16 08:28:53] stage-2: setQuitOnLastWindowClosed(false)
[2025-10-16 08:28:53] stage-3: app meta set
[2025-10-16 08:28:53] stage-4: logger initialized (or attempted)
[2025-10-16 08:28:53] stage-5: stylesheet loaded (if any)
[2025-10-16 08:28:53] stage-6: LoginWindow constructed
[2025-10-16 08:28:53] stage-7: LoginWindow shown
[2025-10-16 08:28:53] stage-8: entering app.exec()
[2025-10-16 08:34:34] pre-0: entering main()
[2025-10-16 08:34:34] stage-1: QApplication constructed
[2025-10-16 08:34:34] stage-2: setQuitOnLastWindowClosed(false)
[2025-10-16 08:34:34] stage-3: app meta set
[2025-10-16 08:34:34] stage-4: logger initialized (or attempted)
[2025-10-16 08:34:34] stage-5: stylesheet loaded (if any)
[2025-10-16 08:34:34] stage-6: LoginWindow constructed
[2025-10-16 08:34:34] stage-7: LoginWindow shown
[2025-10-16 08:34:34] stage-8: entering app.exec()
[2025-10-16 08:37:55] pre-0: entering main()
[2025-10-16 08:37:55] stage-1: QApplication constructed
[2025-10-16 08:37:55] stage-2: setQuitOnLastWindowClosed(false)
[2025-10-16 08:37:55] stage-3: app meta set
[2025-10-16 08:37:55] stage-4: logger initialized (or attempted)
[2025-10-16 08:37:55] stage-5: stylesheet loaded (if any)
[2025-10-16 08:37:55] stage-6: LoginWindow constructed
[2025-10-16 08:37:55] stage-7: LoginWindow shown
[2025-10-16 08:37:55] stage-8: entering app.exec()
[2025-10-16 08:42:27] pre-0: entering main()
[2025-10-16 08:42:28] stage-1: QApplication constructed
[2025-10-16 08:42:28] stage-2: setQuitOnLastWindowClosed(false)
[2025-10-16 08:42:28] stage-3: app meta set
[2025-10-16 08:42:28] stage-4: logger initialized (or attempted)
[2025-10-16 08:42:28] stage-5: stylesheet loaded (if any)
[2025-10-16 08:42:28] stage-6: LoginWindow constructed
[2025-10-16 08:42:28] stage-7: LoginWindow shown
[2025-10-16 08:42:28] stage-8: entering app.exec()
[2025-10-16 08:47:06] pre-0: entering main()
[2025-10-16 08:47:06] stage-1: QApplication constructed
[2025-10-16 08:47:06] stage-2: setQuitOnLastWindowClosed(false)
[2025-10-16 08:47:06] stage-3: app meta set
[2025-10-16 08:47:06] stage-4: logger initialized (or attempted)
[2025-10-16 08:47:06] stage-5: stylesheet loaded (if any)
[2025-10-16 08:47:06] stage-6: LoginWindow constructed
[2025-10-16 08:47:06] stage-7: LoginWindow shown
[2025-10-16 08:47:06] stage-8: entering app.exec()
[2025-10-16 08:52:23] pre-0: entering main()
[2025-10-16 08:52:23] stage-1: QApplication constructed
[2025-10-16 08:52:23] stage-2: setQuitOnLastWindowClosed(false)
[2025-10-16 08:52:23] stage-3: app meta set
[2025-10-16 08:52:23] stage-4: logger initialized (or attempted)
[2025-10-16 08:52:23] stage-5: stylesheet loaded (if any)
[2025-10-16 08:52:23] stage-6: LoginWindow constructed
[2025-10-16 08:52:24] stage-7: LoginWindow shown
[2025-10-16 08:52:24] stage-8: entering app.exec()
[2025-10-16 09:04:26] pre-0: entering main()
[2025-10-16 09:04:26] stage-1: QApplication constructed
[2025-10-16 09:04:26] stage-2: setQuitOnLastWindowClosed(false)
[2025-10-16 09:04:26] stage-3: app meta set
[2025-10-16 09:04:26] stage-4: logger initialized (or attempted)
[2025-10-16 09:04:26] stage-5: stylesheet loaded (if any)
[2025-10-16 09:04:26] stage-6: LoginWindow constructed
[2025-10-16 09:04:26] stage-7: LoginWindow shown
[2025-10-16 09:04:26] stage-8: entering app.exec()
[2025-10-16 09:04:41] pre-0: entering main()
[2025-10-16 09:04:42] stage-1: QApplication constructed
[2025-10-16 09:04:42] stage-2: setQuitOnLastWindowClosed(false)
[2025-10-16 09:04:42] stage-3: app meta set
[2025-10-16 09:04:42] stage-4: logger initialized (or attempted)
[2025-10-16 09:04:42] stage-5: stylesheet loaded (if any)
[2025-10-16 09:04:42] stage-6: LoginWindow constructed
[2025-10-16 09:04:42] stage-7: LoginWindow shown
[2025-10-16 09:04:42] stage-8: entering app.exec()
[2025-10-16 09:10:37] pre-0: entering main()
[2025-10-16 09:10:37] stage-1: QApplication constructed
[2025-10-16 09:10:37] stage-2: setQuitOnLastWindowClosed(false)
[2025-10-16 09:10:37] stage-3: app meta set
[2025-10-16 09:10:37] stage-4: logger initialized (or attempted)
[2025-10-16 09:10:37] stage-5: stylesheet loaded (if any)
[2025-10-16 09:10:37] stage-6: LoginWindow constructed
[2025-10-16 09:10:37] stage-7: LoginWindow shown
[2025-10-16 09:10:37] stage-8: entering app.exec()
[2025-10-16 09:49:54] pre-0: entering main()
[2025-10-16 09:49:54] stage-1: QApplication constructed
[2025-10-16 09:49:54] stage-2: setQuitOnLastWindowClosed(false)
[2025-10-16 09:49:54] stage-3: app meta set
[2025-10-16 09:49:54] stage-4: logger initialized (or attempted)
[2025-10-16 09:49:54] stage-5: stylesheet loaded (if any)
[2025-10-16 09:49:54] stage-6: LoginWindow constructed
[2025-10-16 09:49:55] stage-7: LoginWindow shown
[2025-10-16 09:49:55] stage-8: entering app.exec()
[2025-10-16 09:51:11] pre-0: entering main()
[2025-10-16 09:51:11] stage-1: QApplication constructed
[2025-10-16 09:51:11] stage-2: setQuitOnLastWindowClosed(false)
[2025-10-16 09:51:11] stage-3: app meta set
[2025-10-16 09:51:11] stage-4: logger initialized (or attempted)
[2025-10-16 09:51:11] stage-5: stylesheet loaded (if any)
[2025-10-16 09:51:11] stage-6: LoginWindow constructed
[2025-10-16 09:51:12] stage-7: LoginWindow shown
[2025-10-16 09:51:12] stage-8: entering app.exec()
[2025-10-16 10:17:48] pre-0: entering main()
[2025-10-16 10:17:48] stage-1: QApplication constructed
[2025-10-16 10:17:48] stage-2: setQuitOnLastWindowClosed(false)
[2025-10-16 10:17:48] stage-3: app meta set
[2025-10-16 10:17:48] stage-4: logger initialized (or attempted)
[2025-10-16 10:17:48] stage-5: stylesheet loaded (if any)
[2025-10-16 10:17:48] stage-6: LoginWindow constructed
[2025-10-16 10:17:49] stage-7: LoginWindow shown
[2025-10-16 10:17:49] stage-8: entering app.exec()
[2025-10-16 10:23:38] pre-0: entering main()
[2025-10-16 10:23:38] stage-1: QApplication constructed
[2025-10-16 10:23:38] stage-2: setQuitOnLastWindowClosed(false)
[2025-10-16 10:23:38] stage-3: app meta set
[2025-10-16 10:23:38] stage-4: logger initialized (or attempted)
[2025-10-16 10:23:38] stage-5: stylesheet loaded (if any)
[2025-10-16 10:23:38] stage-6: LoginWindow constructed
[2025-10-16 10:23:39] stage-7: LoginWindow shown
[2025-10-16 10:23:39] stage-8: entering app.exec()
[2025-10-16 10:29:39] pre-0: entering main()
[2025-10-16 10:29:39] stage-1: QApplication constructed
[2025-10-16 10:29:39] stage-2: setQuitOnLastWindowClosed(false)
[2025-10-16 10:29:39] stage-3: app meta set
[2025-10-16 10:29:39] stage-4: logger initialized (or attempted)
[2025-10-16 10:29:39] stage-5: stylesheet loaded (if any)
[2025-10-16 10:29:39] stage-6: LoginWindow constructed
[2025-10-16 10:29:40] stage-7: LoginWindow shown
[2025-10-16 10:29:40] stage-8: entering app.exec()
[2025-10-16 10:36:39] pre-0: entering main()
[2025-10-16 10:36:39] stage-1: QApplication constructed
[2025-10-16 10:36:39] stage-2: setQuitOnLastWindowClosed(false)
[2025-10-16 10:36:39] stage-3: app meta set
[2025-10-16 10:36:39] stage-4: logger initialized (or attempted)
[2025-10-16 10:36:39] stage-5: stylesheet loaded (if any)
[2025-10-16 10:36:39] stage-6: LoginWindow constructed
[2025-10-16 10:36:40] stage-7: LoginWindow shown
[2025-10-16 10:36:40] stage-8: entering app.exec()
[2025-10-16 10:42:56] pre-0: entering main()
[2025-10-16 10:42:56] stage-1: QApplication constructed
[2025-10-16 10:42:56] stage-2: setQuitOnLastWindowClosed(false)
[2025-10-16 10:42:56] stage-3: app meta set
[2025-10-16 10:42:56] stage-4: logger initialized (or attempted)
[2025-10-16 10:42:56] stage-5: stylesheet loaded (if any)
[2025-10-16 10:42:56] stage-6: LoginWindow constructed
[2025-10-16 10:42:57] stage-7: LoginWindow shown
[2025-10-16 10:42:57] stage-8: entering app.exec()
[2025-10-16 10:47:07] pre-0: entering main()
[2025-10-16 10:47:07] stage-1: QApplication constructed
[2025-10-16 10:47:07] stage-2: setQuitOnLastWindowClosed(false)
[2025-10-16 10:47:07] stage-3: app meta set
[2025-10-16 10:47:07] stage-4: logger initialized (or attempted)
[2025-10-16 10:47:07] stage-5: stylesheet loaded (if any)
[2025-10-16 10:47:07] stage-6: LoginWindow constructed
[2025-10-16 10:47:07] stage-7: LoginWindow shown
[2025-10-16 10:47:07] stage-8: entering app.exec()
[2025-10-16 10:56:31] pre-0: entering main()
[2025-10-16 10:56:32] stage-1: QApplication constructed
[2025-10-16 10:56:32] stage-2: setQuitOnLastWindowClosed(false)
[2025-10-16 10:56:32] stage-3: app meta set
[2025-10-16 10:56:32] stage-4: logger initialized (or attempted)
[2025-10-16 10:56:32] stage-5: stylesheet loaded (if any)
[2025-10-16 10:56:32] stage-6: LoginWindow constructed
[2025-10-16 10:56:32] stage-7: LoginWindow shown
[2025-10-16 10:56:32] stage-8: entering app.exec()
[2025-10-16 11:08:12] pre-0: entering main()
[2025-10-16 11:08:12] stage-1: QApplication constructed
[2025-10-16 11:08:12] stage-2: setQuitOnLastWindowClosed(false)
[2025-10-16 11:08:12] stage-3: app meta set
[2025-10-16 11:08:12] stage-4: logger initialized (or attempted)
[2025-10-16 11:08:12] stage-5: stylesheet loaded (if any)
[2025-10-16 11:08:12] stage-6: LoginWindow constructed
[2025-10-16 11:08:12] stage-7: LoginWindow shown
[2025-10-16 11:08:12] stage-8: entering app.exec()
[2025-10-16 11:12:28] pre-0: entering main()
[2025-10-16 11:12:28] stage-1: QApplication constructed
[2025-10-16 11:12:28] stage-2: setQuitOnLastWindowClosed(false)
[2025-10-16 11:12:28] stage-3: app meta set
[2025-10-16 11:12:28] stage-4: logger initialized (or attempted)
[2025-10-16 11:12:28] stage-5: stylesheet loaded (if any)
[2025-10-16 11:12:28] stage-6: LoginWindow constructed
[2025-10-16 11:12:29] stage-7: LoginWindow shown
[2025-10-16 11:12:29] stage-8: entering app.exec()
[2025-10-16 11:16:16] pre-0: entering main()
[2025-10-16 11:16:16] stage-1: QApplication constructed
[2025-10-16 11:16:16] stage-2: setQuitOnLastWindowClosed(false)
[2025-10-16 11:16:16] stage-3: app meta set
[2025-10-16 11:16:16] stage-4: logger initialized (or attempted)
[2025-10-16 11:16:16] stage-5: stylesheet loaded (if any)
[2025-10-16 11:16:16] stage-6: LoginWindow constructed
[2025-10-16 11:16:17] stage-7: LoginWindow shown
[2025-10-16 11:16:17] stage-8: entering app.exec()
[2025-10-16 11:20:54] pre-0: entering main()
[2025-10-16 11:20:54] stage-1: QApplication constructed
[2025-10-16 11:20:54] stage-2: setQuitOnLastWindowClosed(false)
[2025-10-16 11:20:54] stage-3: app meta set
[2025-10-16 11:20:54] stage-4: logger initialized (or attempted)
[2025-10-16 11:20:54] stage-5: stylesheet loaded (if any)
[2025-10-16 11:20:54] stage-6: LoginWindow constructed
[2025-10-16 11:20:55] stage-7: LoginWindow shown
[2025-10-16 11:20:55] stage-8: entering app.exec()
[2025-10-16 11:27:41] pre-0: entering main()
[2025-10-16 11:27:41] stage-1: QApplication constructed
[2025-10-16 11:27:41] stage-2: setQuitOnLastWindowClosed(false)
[2025-10-16 11:27:41] stage-3: app meta set
[2025-10-16 11:27:41] stage-4: logger initialized (or attempted)
[2025-10-16 11:27:41] stage-5: stylesheet loaded (if any)
[2025-10-16 11:27:41] stage-6: LoginWindow constructed
[2025-10-16 11:27:41] stage-7: LoginWindow shown
[2025-10-16 11:27:41] stage-8: entering app.exec()
[2025-10-16 11:31:02] pre-0: entering main()
[2025-10-16 11:31:02] stage-1: QApplication constructed
[2025-10-16 11:31:02] stage-2: setQuitOnLastWindowClosed(false)
[2025-10-16 11:31:02] stage-3: app meta set
[2025-10-16 11:31:02] stage-4: logger initialized (or attempted)
[2025-10-16 11:31:02] stage-5: stylesheet loaded (if any)
[2025-10-16 11:31:02] stage-6: LoginWindow constructed
[2025-10-16 11:31:03] stage-7: LoginWindow shown
[2025-10-16 11:31:03] stage-8: entering app.exec()
[2025-10-16 11:38:40] pre-0: entering main()
[2025-10-16 11:38:40] stage-1: QApplication constructed
[2025-10-16 11:38:40] stage-2: setQuitOnLastWindowClosed(false)
[2025-10-16 11:38:40] stage-3: app meta set
[2025-10-16 11:38:40] stage-4: logger initialized (or attempted)
[2025-10-16 11:38:40] stage-5: stylesheet loaded (if any)
[2025-10-16 11:38:40] stage-6: LoginWindow constructed
[2025-10-16 11:38:41] stage-7: LoginWindow shown
[2025-10-16 11:38:41] stage-8: entering app.exec()
[2025-10-16 11:46:54] pre-0: entering main()
[2025-10-16 11:46:54] stage-1: QApplication constructed
[2025-10-16 11:46:54] stage-2: setQuitOnLastWindowClosed(false)
[2025-10-16 11:46:54] stage-3: app meta set
[2025-10-16 11:46:54] stage-4: logger initialized (or attempted)
[2025-10-16 11:46:54] stage-5: stylesheet loaded (if any)
[2025-10-16 11:46:54] stage-6: LoginWindow constructed
[2025-10-16 11:46:55] stage-7: LoginWindow shown
[2025-10-16 11:46:55] stage-8: entering app.exec()
[2025-10-16 11:51:24] pre-0: entering main()
[2025-10-16 11:51:24] stage-1: QApplication constructed
[2025-10-16 11:51:24] stage-2: setQuitOnLastWindowClosed(false)
[2025-10-16 11:51:24] stage-3: app meta set
[2025-10-16 11:51:24] stage-4: logger initialized (or attempted)
[2025-10-16 11:51:24] stage-5: stylesheet loaded (if any)
[2025-10-16 11:51:25] stage-6: LoginWindow constructed
[2025-10-16 11:51:25] stage-7: LoginWindow shown
[2025-10-16 11:51:25] stage-8: entering app.exec()
[2025-10-16 11:56:49] pre-0: entering main()
[2025-10-16 11:56:49] stage-1: QApplication constructed
[2025-10-16 11:56:49] stage-2: setQuitOnLastWindowClosed(false)
[2025-10-16 11:56:49] stage-3: app meta set
[2025-10-16 11:56:49] stage-4: logger initialized (or attempted)
[2025-10-16 11:56:49] stage-5: stylesheet loaded (if any)
[2025-10-16 11:56:49] stage-6: LoginWindow constructed
[2025-10-16 11:56:50] stage-7: LoginWindow shown
[2025-10-16 11:56:50] stage-8: entering app.exec()
[2025-10-16 11:56:54] pre-0: entering main()
[2025-10-16 11:56:54] stage-1: QApplication constructed
[2025-10-16 11:56:54] stage-2: setQuitOnLastWindowClosed(false)
[2025-10-16 11:56:54] stage-3: app meta set
[2025-10-16 11:56:54] stage-4: logger initialized (or attempted)
[2025-10-16 11:56:54] stage-5: stylesheet loaded (if any)
[2025-10-16 11:56:54] stage-6: LoginWindow constructed
[2025-10-16 11:56:55] stage-7: LoginWindow shown
[2025-10-16 11:56:55] stage-8: entering app.exec()
